{
    "type": "FeatureCollection",
    "features": [
        {
            "type": "Feature",
            "geometry": {
                "type": "LineString",
                "coordinates": [
                    [
                        6.965744,
                        50.345972
                    ],
                    [
                        6.965685,
                        50.34595
                    ],
                    [
                        6.965626,
                        50.345924
                    ],
                    [
                        6.965565,
                        50.345902
                    ],
                    [
                        6.965514,
                        50.345881
                    ],
                    [
                        6.965474,
                        50.345864
                    ],
                    [
                        6.965416,
                        50.345843
                    ],
                    [
                        6.965367,
                        50.345821
                    ],
                    [
                        6.965337,
                        50.345803
                    ],
                    [
                        6.965311,
                        50.345783
                    ],
                    [
                        6.96528,
                        50.345759
                    ],
                    [
                        6.965263,
                        50.345747
                    ],
                    [
                        6.965238,
                        50.34573
                    ],
                    [
                        6.965196,
                        50.345708
                    ],
                    [
                        6.965152,
                        50.345682
                    ],
                    [
                        6.965115,
                        50.345656
                    ],
                    [
                        6.965068,
                        50.345632
                    ],
                    [
                        6.965026,
                        50.345608
                    ],
                    [
                        6.964983,
                        50.345586
                    ],
                    [
                        6.964942,
                        50.345563
                    ],
                    [
                        6.964892,
                        50.345536
                    ],
                    [
                        6.964836,
                        50.345503
                    ],
                    [
                        6.964781,
                        50.345476
                    ],
                    [
                        6.964737,
                        50.345453
                    ],
                    [
                        6.964685,
                        50.345434
                    ],
                    [
                        6.964638,
                        50.345413
                    ],
                    [
                        6.964588,
                        50.345386
                    ],
                    [
                        6.964537,
                        50.345368
                    ],
                    [
                        6.96449,
                        50.345349
                    ],
                    [
                        6.964421,
                        50.345321
                    ],
                    [
                        6.964363,
                        50.345295
                    ],
                    [
                        6.964307,
                        50.345273
                    ],
                    [
                        6.964258,
                        50.34525
                    ],
                    [
                        6.96419,
                        50.345227
                    ],
                    [
                        6.964139,
                        50.345205
                    ],
                    [
                        6.964092,
                        50.345187
                    ],
                    [
                        6.964042,
                        50.345167
                    ],
                    [
                        6.963995,
                        50.345147
                    ],
                    [
                        6.963939,
                        50.345125
                    ],
                    [
                        6.963889,
                        50.345104
                    ],
                    [
                        6.963841,
                        50.345085
                    ],
                    [
                        6.963792,
                        50.345066
                    ],
                    [
                        6.963746,
                        50.345046
                    ],
                    [
                        6.963692,
                        50.345023
                    ],
                    [
                        6.963625,
                        50.344998
                    ],
                    [
                        6.963584,
                        50.34498
                    ],
                    [
                        6.963532,
                        50.344959
                    ],
                    [
                        6.963459,
                        50.344933
                    ],
                    [
                        6.963407,
                        50.344909
                    ],
                    [
                        6.96335,
                        50.344888
                    ],
                    [
                        6.963301,
                        50.344869
                    ],
                    [
                        6.96326,
                        50.344851
                    ],
                    [
                        6.963207,
                        50.344831
                    ],
                    [
                        6.963149,
                        50.344806
                    ],
                    [
                        6.963081,
                        50.344778
                    ],
                    [
                        6.963018,
                        50.344754
                    ],
                    [
                        6.962963,
                        50.344733
                    ],
                    [
                        6.962916,
                        50.344713
                    ],
                    [
                        6.962841,
                        50.34468
                    ],
                    [
                        6.962777,
                        50.344658
                    ],
                    [
                        6.962723,
                        50.344634
                    ],
                    [
                        6.962672,
                        50.344615
                    ],
                    [
                        6.962617,
                        50.344593
                    ],
                    [
                        6.962567,
                        50.344569
                    ],
                    [
                        6.962515,
                        50.34455
                    ],
                    [
                        6.962452,
                        50.344525
                    ],
                    [
                        6.962407,
                        50.344506
                    ],
                    [
                        6.962354,
                        50.344487
                    ],
                    [
                        6.962303,
                        50.344468
                    ],
                    [
                        6.962265,
                        50.344452
                    ],
                    [
                        6.962217,
                        50.34443
                    ],
                    [
                        6.962168,
                        50.34441
                    ],
                    [
                        6.962092,
                        50.344378
                    ],
                    [
                        6.96204,
                        50.344359
                    ],
                    [
                        6.961965,
                        50.344328
                    ],
                    [
                        6.961911,
                        50.344307
                    ],
                    [
                        6.961855,
                        50.344283
                    ],
                    [
                        6.961779,
                        50.344254
                    ],
                    [
                        6.961723,
                        50.344231
                    ],
                    [
                        6.961672,
                        50.34421
                    ],
                    [
                        6.961602,
                        50.344187
                    ],
                    [
                        6.961556,
                        50.344167
                    ],
                    [
                        6.961521,
                        50.344151
                    ],
                    [
                        6.961472,
                        50.344131
                    ],
                    [
                        6.961395,
                        50.3441
                    ],
                    [
                        6.961341,
                        50.344075
                    ],
                    [
                        6.96127,
                        50.344048
                    ],
                    [
                        6.961209,
                        50.344024
                    ],
                    [
                        6.961136,
                        50.343995
                    ],
                    [
                        6.961075,
                        50.34397
                    ],
                    [
                        6.961009,
                        50.343943
                    ],
                    [
                        6.960956,
                        50.343921
                    ],
                    [
                        6.960901,
                        50.343899
                    ],
                    [
                        6.96083,
                        50.34387
                    ],
                    [
                        6.960744,
                        50.343835
                    ],
                    [
                        6.960672,
                        50.343807
                    ],
                    [
                        6.960598,
                        50.343779
                    ],
                    [
                        6.960526,
                        50.343747
                    ],
                    [
                        6.960445,
                        50.343716
                    ],
                    [
                        6.960378,
                        50.343689
                    ],
                    [
                        6.9603,
                        50.343656
                    ],
                    [
                        6.960205,
                        50.343619
                    ],
                    [
                        6.960136,
                        50.343591
                    ],
                    [
                        6.960081,
                        50.343568
                    ],
                    [
                        6.960029,
                        50.343546
                    ],
                    [
                        6.959976,
                        50.343526
                    ],
                    [
                        6.959891,
                        50.34349
                    ],
                    [
                        6.959806,
                        50.343456
                    ],
                    [
                        6.959724,
                        50.343415
                    ],
                    [
                        6.959647,
                        50.343382
                    ],
                    [
                        6.959566,
                        50.343343
                    ],
                    [
                        6.95948,
                        50.343298
                    ],
                    [
                        6.959403,
                        50.34326
                    ],
                    [
                        6.959317,
                        50.343207
                    ],
                    [
                        6.959232,
                        50.343162
                    ],
                    [
                        6.959156,
                        50.343111
                    ],
                    [
                        6.959089,
                        50.343067
                    ],
                    [
                        6.959013,
                        50.343018
                    ],
                    [
                        6.958928,
                        50.342959
                    ],
                    [
                        6.958862,
                        50.342908
                    ],
                    [
                        6.958788,
                        50.342849
                    ],
                    [
                        6.958699,
                        50.342782
                    ],
                    [
                        6.95863,
                        50.342724
                    ],
                    [
                        6.958555,
                        50.342666
                    ],
                    [
                        6.958472,
                        50.342602
                    ],
                    [
                        6.95839,
                        50.342537
                    ],
                    [
                        6.958309,
                        50.34247
                    ],
                    [
                        6.958232,
                        50.342411
                    ],
                    [
                        6.958143,
                        50.342343
                    ],
                    [
                        6.95806,
                        50.342277
                    ],
                    [
                        6.957974,
                        50.342211
                    ],
                    [
                        6.957899,
                        50.342152
                    ],
                    [
                        6.957812,
                        50.342085
                    ],
                    [
                        6.957725,
                        50.342022
                    ],
                    [
                        6.957689,
                        50.34199
                    ],
                    [
                        6.957646,
                        50.341955
                    ],
                    [
                        6.957601,
                        50.341921
                    ],
                    [
                        6.957554,
                        50.341888
                    ],
                    [
                        6.957517,
                        50.341854
                    ],
                    [
                        6.957471,
                        50.341821
                    ],
                    [
                        6.957391,
                        50.341759
                    ],
                    [
                        6.957312,
                        50.341693
                    ],
                    [
                        6.957225,
                        50.34163
                    ],
                    [
                        6.957137,
                        50.34156
                    ],
                    [
                        6.957048,
                        50.341491
                    ],
                    [
                        6.956962,
                        50.341424
                    ],
                    [
                        6.956882,
                        50.341361
                    ],
                    [
                        6.956809,
                        50.341302
                    ],
                    [
                        6.95674,
                        50.341251
                    ],
                    [
                        6.956678,
                        50.341207
                    ],
                    [
                        6.95662,
                        50.341159
                    ],
                    [
                        6.956571,
                        50.341119
                    ],
                    [
                        6.956521,
                        50.341086
                    ],
                    [
                        6.956483,
                        50.341053
                    ],
                    [
                        6.95644,
                        50.341018
                    ],
                    [
                        6.956393,
                        50.340985
                    ],
                    [
                        6.956356,
                        50.340956
                    ],
                    [
                        6.956307,
                        50.340923
                    ],
                    [
                        6.956266,
                        50.340885
                    ],
                    [
                        6.956222,
                        50.340852
                    ],
                    [
                        6.956187,
                        50.340822
                    ],
                    [
                        6.956154,
                        50.340793
                    ],
                    [
                        6.956116,
                        50.340755
                    ],
                    [
                        6.956073,
                        50.340721
                    ],
                    [
                        6.95604,
                        50.340687
                    ],
                    [
                        6.955998,
                        50.340644
                    ],
                    [
                        6.955962,
                        50.340609
                    ],
                    [
                        6.955927,
                        50.340573
                    ],
                    [
                        6.955889,
                        50.340537
                    ],
                    [
                        6.955855,
                        50.340505
                    ],
                    [
                        6.955823,
                        50.340463
                    ],
                    [
                        6.95579,
                        50.34042
                    ],
                    [
                        6.955757,
                        50.340374
                    ],
                    [
                        6.955726,
                        50.340334
                    ],
                    [
                        6.955695,
                        50.340291
                    ],
                    [
                        6.955667,
                        50.340243
                    ],
                    [
                        6.955636,
                        50.340203
                    ],
                    [
                        6.955601,
                        50.340161
                    ],
                    [
                        6.955569,
                        50.340118
                    ],
                    [
                        6.955545,
                        50.340077
                    ],
                    [
                        6.95552,
                        50.340044
                    ],
                    [
                        6.955501,
                        50.340018
                    ],
                    [
                        6.955479,
                        50.339993
                    ],
                    [
                        6.955459,
                        50.339974
                    ],
                    [
                        6.955443,
                        50.339955
                    ],
                    [
                        6.955424,
                        50.339935
                    ],
                    [
                        6.955408,
                        50.339918
                    ],
                    [
                        6.955388,
                        50.339896
                    ],
                    [
                        6.95537,
                        50.339874
                    ],
                    [
                        6.955352,
                        50.339857
                    ],
                    [
                        6.955334,
                        50.339841
                    ],
                    [
                        6.955315,
                        50.339822
                    ],
                    [
                        6.95529,
                        50.339796
                    ],
                    [
                        6.955255,
                        50.339761
                    ],
                    [
                        6.955219,
                        50.339725
                    ],
                    [
                        6.955176,
                        50.339688
                    ],
                    [
                        6.955144,
                        50.339662
                    ],
                    [
                        6.955104,
                        50.339635
                    ],
                    [
                        6.955054,
                        50.339599
                    ],
                    [
                        6.955011,
                        50.339568
                    ],
                    [
                        6.954961,
                        50.339537
                    ],
                    [
                        6.954904,
                        50.339499
                    ],
                    [
                        6.95486,
                        50.339472
                    ],
                    [
                        6.954822,
                        50.339447
                    ],
                    [
                        6.954779,
                        50.339423
                    ],
                    [
                        6.954748,
                        50.339406
                    ],
                    [
                        6.95471,
                        50.339384
                    ],
                    [
                        6.954674,
                        50.339361
                    ],
                    [
                        6.954628,
                        50.339333
                    ],
                    [
                        6.954596,
                        50.339312
                    ],
                    [
                        6.954562,
                        50.33929
                    ],
                    [
                        6.954529,
                        50.339268
                    ],
                    [
                        6.95449,
                        50.339244
                    ],
                    [
                        6.954456,
                        50.339222
                    ],
                    [
                        6.954421,
                        50.339203
                    ],
                    [
                        6.954384,
                        50.339179
                    ],
                    [
                        6.95434,
                        50.339156
                    ],
                    [
                        6.954298,
                        50.33913
                    ],
                    [
                        6.95426,
                        50.339106
                    ],
                    [
                        6.954221,
                        50.339079
                    ],
                    [
                        6.95418,
                        50.339053
                    ],
                    [
                        6.954141,
                        50.339034
                    ],
                    [
                        6.954097,
                        50.339003
                    ],
                    [
                        6.954057,
                        50.338978
                    ],
                    [
                        6.954017,
                        50.338955
                    ],
                    [
                        6.953983,
                        50.338936
                    ],
                    [
                        6.953944,
                        50.338911
                    ],
                    [
                        6.953919,
                        50.338897
                    ],
                    [
                        6.953882,
                        50.33887
                    ],
                    [
                        6.953847,
                        50.338847
                    ],
                    [
                        6.953817,
                        50.338823
                    ],
                    [
                        6.953781,
                        50.338792
                    ],
                    [
                        6.953749,
                        50.338765
                    ],
                    [
                        6.95372,
                        50.338737
                    ],
                    [
                        6.953695,
                        50.338714
                    ],
                    [
                        6.953669,
                        50.338685
                    ],
                    [
                        6.953637,
                        50.338649
                    ],
                    [
                        6.953613,
                        50.338617
                    ],
                    [
                        6.953587,
                        50.338581
                    ],
                    [
                        6.953566,
                        50.338553
                    ],
                    [
                        6.953545,
                        50.338526
                    ],
                    [
                        6.953531,
                        50.338499
                    ],
                    [
                        6.953514,
                        50.338473
                    ],
                    [
                        6.953497,
                        50.338443
                    ],
                    [
                        6.953481,
                        50.338414
                    ],
                    [
                        6.953468,
                        50.338388
                    ],
                    [
                        6.953454,
                        50.338364
                    ],
                    [
                        6.953438,
                        50.338342
                    ],
                    [
                        6.953424,
                        50.338317
                    ],
                    [
                        6.953414,
                        50.338303
                    ],
                    [
                        6.953393,
                        50.338273
                    ],
                    [
                        6.953371,
                        50.338247
                    ],
                    [
                        6.953344,
                        50.338221
                    ],
                    [
                        6.953326,
                        50.338198
                    ],
                    [
                        6.953298,
                        50.338178
                    ],
                    [
                        6.953268,
                        50.338161
                    ],
                    [
                        6.953248,
                        50.338148
                    ],
                    [
                        6.953223,
                        50.338134
                    ],
                    [
                        6.953183,
                        50.338117
                    ],
                    [
                        6.953144,
                        50.338104
                    ],
                    [
                        6.953107,
                        50.338094
                    ],
                    [
                        6.953065,
                        50.338084
                    ],
                    [
                        6.953004,
                        50.338079
                    ],
                    [
                        6.952965,
                        50.338075
                    ],
                    [
                        6.952911,
                        50.338076
                    ],
                    [
                        6.95286,
                        50.338078
                    ],
                    [
                        6.95282,
                        50.338079
                    ],
                    [
                        6.952785,
                        50.338079
                    ],
                    [
                        6.95273,
                        50.338087
                    ],
                    [
                        6.952672,
                        50.338094
                    ],
                    [
                        6.952608,
                        50.338102
                    ],
                    [
                        6.952562,
                        50.338107
                    ],
                    [
                        6.952518,
                        50.338111
                    ],
                    [
                        6.952475,
                        50.338118
                    ],
                    [
                        6.952418,
                        50.338121
                    ],
                    [
                        6.952365,
                        50.338121
                    ],
                    [
                        6.952311,
                        50.338119
                    ],
                    [
                        6.952249,
                        50.338116
                    ],
                    [
                        6.95219,
                        50.338106
                    ],
                    [
                        6.952136,
                        50.338096
                    ],
                    [
                        6.952084,
                        50.338084
                    ],
                    [
                        6.952036,
                        50.338069
                    ],
                    [
                        6.951991,
                        50.338055
                    ],
                    [
                        6.951947,
                        50.338035
                    ],
                    [
                        6.951903,
                        50.33802
                    ],
                    [
                        6.951864,
                        50.338003
                    ],
                    [
                        6.951805,
                        50.33798
                    ],
                    [
                        6.951749,
                        50.337957
                    ],
                    [
                        6.951698,
                        50.337937
                    ],
                    [
                        6.951636,
                        50.337909
                    ],
                    [
                        6.951581,
                        50.337888
                    ],
                    [
                        6.951541,
                        50.33787
                    ],
                    [
                        6.951488,
                        50.337848
                    ],
                    [
                        6.951432,
                        50.337823
                    ],
                    [
                        6.951397,
                        50.337806
                    ],
                    [
                        6.951348,
                        50.337783
                    ],
                    [
                        6.951295,
                        50.337762
                    ],
                    [
                        6.951259,
                        50.337746
                    ],
                    [
                        6.950549,
                        50.337352
                    ],
                    [
                        6.950422,
                        50.337282
                    ],
                    [
                        6.949551,
                        50.33675
                    ],
                    [
                        6.948647,
                        50.336166
                    ],
                    [
                        6.947993,
                        50.335749
                    ],
                    [
                        6.947394,
                        50.335358
                    ],
                    [
                        6.946901,
                        50.335038
                    ],
                    [
                        6.946397,
                        50.334713
                    ],
                    [
                        6.94591,
                        50.334402
                    ],
                    [
                        6.945438,
                        50.334085
                    ],
                    [
                        6.94494,
                        50.333766
                    ],
                    [
                        6.944646,
                        50.333579
                    ],
                    [
                        6.944137,
                        50.333248
                    ],
                    [
                        6.943684,
                        50.332959
                    ],
                    [
                        6.943261,
                        50.332675
                    ],
                    [
                        6.9428,
                        50.332409
                    ],
                    [
                        6.942169,
                        50.332095
                    ],
                    [
                        6.941813,
                        50.33195
                    ],
                    [
                        6.941395,
                        50.331781
                    ],
                    [
                        6.941177,
                        50.331715
                    ],
                    [
                        6.941079,
                        50.331735
                    ],
                    [
                        6.941042,
                        50.33175
                    ],
                    [
                        6.94101,
                        50.331785
                    ],
                    [
                        6.940964,
                        50.331845
                    ],
                    [
                        6.940837,
                        50.332158
                    ],
                    [
                        6.940797,
                        50.332214
                    ],
                    [
                        6.940722,
                        50.332224
                    ],
                    [
                        6.94061,
                        50.332196
                    ],
                    [
                        6.940394,
                        50.33211
                    ],
                    [
                        6.940236,
                        50.332018
                    ],
                    [
                        6.94006,
                        50.331869
                    ],
                    [
                        6.939937,
                        50.331741
                    ],
                    [
                        6.939856,
                        50.331522
                    ],
                    [
                        6.939718,
                        50.330997
                    ],
                    [
                        6.939557,
                        50.330503
                    ],
                    [
                        6.93935,
                        50.330084
                    ],
                    [
                        6.939022,
                        50.329408
                    ],
                    [
                        6.938688,
                        50.32868
                    ],
                    [
                        6.938665,
                        50.328499
                    ],
                    [
                        6.938739,
                        50.328321
                    ],
                    [
                        6.93892,
                        50.328173
                    ],
                    [
                        6.939226,
                        50.32804
                    ],
                    [
                        6.940321,
                        50.327681
                    ],
                    [
                        6.94047,
                        50.327548
                    ],
                    [
                        6.940479,
                        50.327406
                    ],
                    [
                        6.940386,
                        50.327217
                    ],
                    [
                        6.940164,
                        50.327089
                    ],
                    [
                        6.938865,
                        50.326627
                    ],
                    [
                        6.937867,
                        50.32621
                    ],
                    [
                        6.936972,
                        50.325703
                    ],
                    [
                        6.936462,
                        50.325359
                    ],
                    [
                        6.935956,
                        50.324942
                    ],
                    [
                        6.93559,
                        50.324592
                    ],
                    [
                        6.935274,
                        50.324222
                    ],
                    [
                        6.935121,
                        50.324047
                    ],
                    [
                        6.934949,
                        50.323985
                    ],
                    [
                        6.934708,
                        50.323938
                    ],
                    [
                        6.934434,
                        50.323979
                    ],
                    [
                        6.934277,
                        50.324053
                    ],
                    [
                        6.934184,
                        50.324151
                    ],
                    [
                        6.934123,
                        50.324294
                    ],
                    [
                        6.93416,
                        50.324424
                    ],
                    [
                        6.934276,
                        50.324563
                    ],
                    [
                        6.935343,
                        50.325247
                    ],
                    [
                        6.936626,
                        50.326065
                    ],
                    [
                        6.937188,
                        50.326435
                    ],
                    [
                        6.937313,
                        50.326708
                    ],
                    [
                        6.937346,
                        50.327032
                    ],
                    [
                        6.937202,
                        50.327367
                    ],
                    [
                        6.937109,
                        50.327589
                    ],
                    [
                        6.937119,
                        50.327927
                    ],
                    [
                        6.937384,
                        50.328458
                    ],
                    [
                        6.93773,
                        50.329154
                    ],
                    [
                        6.938192,
                        50.330094
                    ],
                    [
                        6.938689,
                        50.331136
                    ],
                    [
                        6.938772,
                        50.331326
                    ],
                    [
                        6.938768,
                        50.33148
                    ],
                    [
                        6.938647,
                        50.331611
                    ],
                    [
                        6.937984,
                        50.331827
                    ],
                    [
                        6.937339,
                        50.331995
                    ],
                    [
                        6.936713,
                        50.332185
                    ],
                    [
                        6.936499,
                        50.332297
                    ],
                    [
                        6.936402,
                        50.33241
                    ],
                    [
                        6.93636,
                        50.332573
                    ],
                    [
                        6.936342,
                        50.332759
                    ],
                    [
                        6.936432,
                        50.332957
                    ],
                    [
                        6.93716,
                        50.333511
                    ],
                    [
                        6.938065,
                        50.334195
                    ],
                    [
                        6.939043,
                        50.33497
                    ],
                    [
                        6.939694,
                        50.335456
                    ],
                    [
                        6.940148,
                        50.335664
                    ],
                    [
                        6.940969,
                        50.335824
                    ],
                    [
                        6.942858,
                        50.336143
                    ],
                    [
                        6.944639,
                        50.336445
                    ],
                    [
                        6.946129,
                        50.3367
                    ],
                    [
                        6.946398,
                        50.336764
                    ],
                    [
                        6.94651,
                        50.336835
                    ],
                    [
                        6.94657,
                        50.336983
                    ],
                    [
                        6.946704,
                        50.337166
                    ],
                    [
                        6.946896,
                        50.337294
                    ],
                    [
                        6.947197,
                        50.337395
                    ],
                    [
                        6.948338,
                        50.337587
                    ],
                    [
                        6.949331,
                        50.337718
                    ],
                    [
                        6.949638,
                        50.337925
                    ],
                    [
                        6.949716,
                        50.338087
                    ],
                    [
                        6.949693,
                        50.338218
                    ],
                    [
                        6.94967,
                        50.338327
                    ],
                    [
                        6.949625,
                        50.33841
                    ],
                    [
                        6.949613,
                        50.338417
                    ],
                    [
                        6.949591,
                        50.338432
                    ],
                    [
                        6.949545,
                        50.338464
                    ],
                    [
                        6.949498,
                        50.338495
                    ],
                    [
                        6.949451,
                        50.338525
                    ],
                    [
                        6.949413,
                        50.338554
                    ],
                    [
                        6.949366,
                        50.338589
                    ],
                    [
                        6.949321,
                        50.338619
                    ],
                    [
                        6.949283,
                        50.338646
                    ],
                    [
                        6.949242,
                        50.338677
                    ],
                    [
                        6.949207,
                        50.338705
                    ],
                    [
                        6.949183,
                        50.338727
                    ],
                    [
                        6.949141,
                        50.338762
                    ],
                    [
                        6.949085,
                        50.338807
                    ],
                    [
                        6.949037,
                        50.33885
                    ],
                    [
                        6.94898,
                        50.338897
                    ],
                    [
                        6.948923,
                        50.338945
                    ],
                    [
                        6.94887,
                        50.338993
                    ],
                    [
                        6.948818,
                        50.339038
                    ],
                    [
                        6.948766,
                        50.339084
                    ],
                    [
                        6.948718,
                        50.339133
                    ],
                    [
                        6.948665,
                        50.339183
                    ],
                    [
                        6.948605,
                        50.339235
                    ],
                    [
                        6.948539,
                        50.339284
                    ],
                    [
                        6.948444,
                        50.339319
                    ],
                    [
                        6.948346,
                        50.339344
                    ],
                    [
                        6.948242,
                        50.339348
                    ],
                    [
                        6.948139,
                        50.339326
                    ],
                    [
                        6.948047,
                        50.339289
                    ],
                    [
                        6.94796,
                        50.339245
                    ],
                    [
                        6.947885,
                        50.339188
                    ],
                    [
                        6.947827,
                        50.339142
                    ],
                    [
                        6.947765,
                        50.339085
                    ],
                    [
                        6.947716,
                        50.339035
                    ],
                    [
                        6.947671,
                        50.338979
                    ],
                    [
                        6.94762,
                        50.338919
                    ],
                    [
                        6.947564,
                        50.33885
                    ],
                    [
                        6.947505,
                        50.338778
                    ],
                    [
                        6.947445,
                        50.338706
                    ],
                    [
                        6.947386,
                        50.338635
                    ],
                    [
                        6.947319,
                        50.338551
                    ],
                    [
                        6.947253,
                        50.338473
                    ],
                    [
                        6.947178,
                        50.338382
                    ],
                    [
                        6.947101,
                        50.338287
                    ],
                    [
                        6.947011,
                        50.338189
                    ],
                    [
                        6.946917,
                        50.33811
                    ],
                    [
                        6.946815,
                        50.338035
                    ],
                    [
                        6.946711,
                        50.337969
                    ],
                    [
                        6.946593,
                        50.3379
                    ],
                    [
                        6.946538,
                        50.337869
                    ],
                    [
                        6.946454,
                        50.33783
                    ],
                    [
                        6.946374,
                        50.337797
                    ],
                    [
                        6.946299,
                        50.337762
                    ],
                    [
                        6.946163,
                        50.337708
                    ],
                    [
                        6.946108,
                        50.337684
                    ],
                    [
                        6.946044,
                        50.337661
                    ],
                    [
                        6.945897,
                        50.337615
                    ],
                    [
                        6.945806,
                        50.337586
                    ],
                    [
                        6.945722,
                        50.337559
                    ],
                    [
                        6.945593,
                        50.337524
                    ],
                    [
                        6.945462,
                        50.337482
                    ],
                    [
                        6.945325,
                        50.337445
                    ],
                    [
                        6.945185,
                        50.337405
                    ],
                    [
                        6.945061,
                        50.337371
                    ],
                    [
                        6.944971,
                        50.33735
                    ],
                    [
                        6.944879,
                        50.337338
                    ],
                    [
                        6.944698,
                        50.337319
                    ],
                    [
                        6.944544,
                        50.337317
                    ],
                    [
                        6.944389,
                        50.337323
                    ],
                    [
                        6.944251,
                        50.337337
                    ],
                    [
                        6.944123,
                        50.33736
                    ],
                    [
                        6.944019,
                        50.337386
                    ],
                    [
                        6.943891,
                        50.337423
                    ],
                    [
                        6.94375,
                        50.337468
                    ],
                    [
                        6.943573,
                        50.337527
                    ],
                    [
                        6.943423,
                        50.337577
                    ],
                    [
                        6.943267,
                        50.337629
                    ],
                    [
                        6.943116,
                        50.337677
                    ],
                    [
                        6.942961,
                        50.337726
                    ],
                    [
                        6.942801,
                        50.337778
                    ],
                    [
                        6.942667,
                        50.337823
                    ],
                    [
                        6.942511,
                        50.337874
                    ],
                    [
                        6.942343,
                        50.337919
                    ],
                    [
                        6.942179,
                        50.337954
                    ],
                    [
                        6.942011,
                        50.337985
                    ],
                    [
                        6.941899,
                        50.338005
                    ],
                    [
                        6.941845,
                        50.338014
                    ],
                    [
                        6.941768,
                        50.338025
                    ],
                    [
                        6.941686,
                        50.338034
                    ],
                    [
                        6.941611,
                        50.338042
                    ],
                    [
                        6.941558,
                        50.338048
                    ],
                    [
                        6.941481,
                        50.338054
                    ],
                    [
                        6.941403,
                        50.33806
                    ],
                    [
                        6.941262,
                        50.338069
                    ],
                    [
                        6.941129,
                        50.338075
                    ],
                    [
                        6.940997,
                        50.338082
                    ],
                    [
                        6.940861,
                        50.33809
                    ],
                    [
                        6.940706,
                        50.338097
                    ],
                    [
                        6.940532,
                        50.338107
                    ],
                    [
                        6.940389,
                        50.338115
                    ],
                    [
                        6.940263,
                        50.338121
                    ],
                    [
                        6.940107,
                        50.33813
                    ],
                    [
                        6.93997,
                        50.338134
                    ],
                    [
                        6.93984,
                        50.338127
                    ],
                    [
                        6.939715,
                        50.3381
                    ],
                    [
                        6.939585,
                        50.338065
                    ],
                    [
                        6.939473,
                        50.338029
                    ],
                    [
                        6.939358,
                        50.337996
                    ],
                    [
                        6.939256,
                        50.337969
                    ],
                    [
                        6.939152,
                        50.337946
                    ],
                    [
                        6.939043,
                        50.337934
                    ],
                    [
                        6.938934,
                        50.337936
                    ],
                    [
                        6.938809,
                        50.337947
                    ],
                    [
                        6.938699,
                        50.337975
                    ],
                    [
                        6.938652,
                        50.337987
                    ],
                    [
                        6.93859,
                        50.338012
                    ],
                    [
                        6.938545,
                        50.338029
                    ],
                    [
                        6.938504,
                        50.338052
                    ],
                    [
                        6.938419,
                        50.338103
                    ],
                    [
                        6.938321,
                        50.338158
                    ],
                    [
                        6.938238,
                        50.338204
                    ],
                    [
                        6.938151,
                        50.338254
                    ],
                    [
                        6.938071,
                        50.338307
                    ],
                    [
                        6.937993,
                        50.338366
                    ],
                    [
                        6.937932,
                        50.338425
                    ],
                    [
                        6.937873,
                        50.338491
                    ],
                    [
                        6.937824,
                        50.338555
                    ],
                    [
                        6.937777,
                        50.338628
                    ],
                    [
                        6.937725,
                        50.338695
                    ],
                    [
                        6.937689,
                        50.338763
                    ],
                    [
                        6.937629,
                        50.338839
                    ],
                    [
                        6.937572,
                        50.338898
                    ],
                    [
                        6.937533,
                        50.338935
                    ],
                    [
                        6.937478,
                        50.338969
                    ],
                    [
                        6.937405,
                        50.339012
                    ],
                    [
                        6.93732,
                        50.339049
                    ],
                    [
                        6.937232,
                        50.339085
                    ],
                    [
                        6.937151,
                        50.339119
                    ],
                    [
                        6.937057,
                        50.339157
                    ],
                    [
                        6.936965,
                        50.339193
                    ],
                    [
                        6.936876,
                        50.33923
                    ],
                    [
                        6.936792,
                        50.339268
                    ],
                    [
                        6.936709,
                        50.339307
                    ],
                    [
                        6.936639,
                        50.339357
                    ],
                    [
                        6.936571,
                        50.339411
                    ],
                    [
                        6.936526,
                        50.339472
                    ],
                    [
                        6.936492,
                        50.339539
                    ],
                    [
                        6.93646,
                        50.339609
                    ],
                    [
                        6.936432,
                        50.339676
                    ],
                    [
                        6.936401,
                        50.339754
                    ],
                    [
                        6.936357,
                        50.33982
                    ],
                    [
                        6.93632,
                        50.339856
                    ],
                    [
                        6.936268,
                        50.339894
                    ],
                    [
                        6.936227,
                        50.339919
                    ],
                    [
                        6.936183,
                        50.339941
                    ],
                    [
                        6.936148,
                        50.339956
                    ],
                    [
                        6.936096,
                        50.339971
                    ],
                    [
                        6.936007,
                        50.339994
                    ],
                    [
                        6.935954,
                        50.340004
                    ],
                    [
                        6.935899,
                        50.340011
                    ],
                    [
                        6.935782,
                        50.340022
                    ],
                    [
                        6.93567,
                        50.340033
                    ],
                    [
                        6.935566,
                        50.340044
                    ],
                    [
                        6.935451,
                        50.340056
                    ],
                    [
                        6.935349,
                        50.340068
                    ],
                    [
                        6.935245,
                        50.340078
                    ],
                    [
                        6.935134,
                        50.34009
                    ],
                    [
                        6.935025,
                        50.340099
                    ],
                    [
                        6.934921,
                        50.340111
                    ],
                    [
                        6.934793,
                        50.340124
                    ],
                    [
                        6.93468,
                        50.340136
                    ],
                    [
                        6.93457,
                        50.340147
                    ],
                    [
                        6.934462,
                        50.340158
                    ],
                    [
                        6.934354,
                        50.340169
                    ],
                    [
                        6.934246,
                        50.340181
                    ],
                    [
                        6.934136,
                        50.340193
                    ],
                    [
                        6.934044,
                        50.340207
                    ],
                    [
                        6.933974,
                        50.340219
                    ],
                    [
                        6.933884,
                        50.340245
                    ],
                    [
                        6.933793,
                        50.34028
                    ],
                    [
                        6.933718,
                        50.340322
                    ],
                    [
                        6.933653,
                        50.340372
                    ],
                    [
                        6.9336,
                        50.340422
                    ],
                    [
                        6.933552,
                        50.340478
                    ],
                    [
                        6.933531,
                        50.340508
                    ],
                    [
                        6.933516,
                        50.340542
                    ],
                    [
                        6.933506,
                        50.340576
                    ],
                    [
                        6.9335,
                        50.340613
                    ],
                    [
                        6.933498,
                        50.340649
                    ],
                    [
                        6.933493,
                        50.340684
                    ],
                    [
                        6.93349,
                        50.340751
                    ],
                    [
                        6.933489,
                        50.340789
                    ],
                    [
                        6.933482,
                        50.340824
                    ],
                    [
                        6.933465,
                        50.340902
                    ],
                    [
                        6.933445,
                        50.340988
                    ],
                    [
                        6.93341,
                        50.341058
                    ],
                    [
                        6.933348,
                        50.34114
                    ],
                    [
                        6.933268,
                        50.341212
                    ],
                    [
                        6.933163,
                        50.341283
                    ],
                    [
                        6.933049,
                        50.341341
                    ],
                    [
                        6.932923,
                        50.341396
                    ],
                    [
                        6.93279,
                        50.341454
                    ],
                    [
                        6.932663,
                        50.341513
                    ],
                    [
                        6.932532,
                        50.341572
                    ],
                    [
                        6.93239,
                        50.341634
                    ],
                    [
                        6.932246,
                        50.341696
                    ],
                    [
                        6.932106,
                        50.341758
                    ],
                    [
                        6.931966,
                        50.341822
                    ],
                    [
                        6.931799,
                        50.341894
                    ],
                    [
                        6.931638,
                        50.341968
                    ],
                    [
                        6.931483,
                        50.342034
                    ],
                    [
                        6.931347,
                        50.342095
                    ],
                    [
                        6.93121,
                        50.342155
                    ],
                    [
                        6.931071,
                        50.342216
                    ],
                    [
                        6.930913,
                        50.342286
                    ],
                    [
                        6.930777,
                        50.342343
                    ],
                    [
                        6.930642,
                        50.342402
                    ],
                    [
                        6.930532,
                        50.34245
                    ],
                    [
                        6.9304,
                        50.342506
                    ],
                    [
                        6.930269,
                        50.342562
                    ],
                    [
                        6.930144,
                        50.342619
                    ],
                    [
                        6.930031,
                        50.34267
                    ],
                    [
                        6.929927,
                        50.342716
                    ],
                    [
                        6.929827,
                        50.34276
                    ],
                    [
                        6.929722,
                        50.342808
                    ],
                    [
                        6.929614,
                        50.342856
                    ],
                    [
                        6.929513,
                        50.342902
                    ],
                    [
                        6.929396,
                        50.342955
                    ],
                    [
                        6.929294,
                        50.343013
                    ],
                    [
                        6.929188,
                        50.343078
                    ],
                    [
                        6.929068,
                        50.343139
                    ],
                    [
                        6.928954,
                        50.343202
                    ],
                    [
                        6.928859,
                        50.343272
                    ],
                    [
                        6.92875,
                        50.343348
                    ],
                    [
                        6.928661,
                        50.34342
                    ],
                    [
                        6.92856,
                        50.343495
                    ],
                    [
                        6.928466,
                        50.34357
                    ],
                    [
                        6.928374,
                        50.343642
                    ],
                    [
                        6.928293,
                        50.343704
                    ],
                    [
                        6.92822,
                        50.343766
                    ],
                    [
                        6.928138,
                        50.343827
                    ],
                    [
                        6.928068,
                        50.343882
                    ],
                    [
                        6.928,
                        50.343939
                    ],
                    [
                        6.927935,
                        50.343988
                    ],
                    [
                        6.92788,
                        50.344032
                    ],
                    [
                        6.927831,
                        50.344074
                    ],
                    [
                        6.927772,
                        50.344114
                    ],
                    [
                        6.927732,
                        50.344146
                    ],
                    [
                        6.927692,
                        50.344184
                    ],
                    [
                        6.927659,
                        50.344208
                    ],
                    [
                        6.927627,
                        50.344232
                    ],
                    [
                        6.927603,
                        50.344252
                    ],
                    [
                        6.927571,
                        50.344274
                    ],
                    [
                        6.927536,
                        50.344303
                    ],
                    [
                        6.927508,
                        50.344327
                    ],
                    [
                        6.92747,
                        50.344358
                    ],
                    [
                        6.927432,
                        50.344388
                    ],
                    [
                        6.927388,
                        50.344424
                    ],
                    [
                        6.927347,
                        50.344456
                    ],
                    [
                        6.927312,
                        50.344483
                    ],
                    [
                        6.927275,
                        50.344511
                    ],
                    [
                        6.927232,
                        50.344545
                    ],
                    [
                        6.927189,
                        50.344578
                    ],
                    [
                        6.927151,
                        50.344608
                    ],
                    [
                        6.927123,
                        50.344632
                    ],
                    [
                        6.927084,
                        50.344663
                    ],
                    [
                        6.927054,
                        50.344686
                    ],
                    [
                        6.927022,
                        50.344711
                    ],
                    [
                        6.926988,
                        50.344739
                    ],
                    [
                        6.926956,
                        50.344762
                    ],
                    [
                        6.926915,
                        50.344793
                    ],
                    [
                        6.926881,
                        50.344822
                    ],
                    [
                        6.926839,
                        50.344854
                    ],
                    [
                        6.926804,
                        50.344883
                    ],
                    [
                        6.926769,
                        50.344911
                    ],
                    [
                        6.926725,
                        50.344946
                    ],
                    [
                        6.926676,
                        50.344985
                    ],
                    [
                        6.926628,
                        50.345021
                    ],
                    [
                        6.92658,
                        50.34506
                    ],
                    [
                        6.926551,
                        50.345083
                    ],
                    [
                        6.926519,
                        50.345108
                    ],
                    [
                        6.926484,
                        50.345134
                    ],
                    [
                        6.926448,
                        50.345161
                    ],
                    [
                        6.926413,
                        50.34519
                    ],
                    [
                        6.926377,
                        50.345218
                    ],
                    [
                        6.926346,
                        50.345246
                    ],
                    [
                        6.926306,
                        50.345274
                    ],
                    [
                        6.926256,
                        50.345314
                    ],
                    [
                        6.926202,
                        50.345354
                    ],
                    [
                        6.926169,
                        50.345381
                    ],
                    [
                        6.92614,
                        50.345409
                    ],
                    [
                        6.926104,
                        50.345441
                    ],
                    [
                        6.926054,
                        50.345498
                    ],
                    [
                        6.92602,
                        50.345537
                    ],
                    [
                        6.925991,
                        50.345577
                    ],
                    [
                        6.925975,
                        50.345615
                    ],
                    [
                        6.925955,
                        50.345654
                    ],
                    [
                        6.92594,
                        50.34569
                    ],
                    [
                        6.925926,
                        50.345734
                    ],
                    [
                        6.925916,
                        50.345771
                    ],
                    [
                        6.925911,
                        50.345817
                    ],
                    [
                        6.925909,
                        50.345859
                    ],
                    [
                        6.925905,
                        50.345909
                    ],
                    [
                        6.925896,
                        50.345954
                    ],
                    [
                        6.925892,
                        50.346007
                    ],
                    [
                        6.925882,
                        50.346058
                    ],
                    [
                        6.925873,
                        50.346114
                    ],
                    [
                        6.925868,
                        50.346168
                    ],
                    [
                        6.925857,
                        50.346228
                    ],
                    [
                        6.925847,
                        50.346293
                    ],
                    [
                        6.925839,
                        50.346346
                    ],
                    [
                        6.925835,
                        50.3464
                    ],
                    [
                        6.925822,
                        50.346467
                    ],
                    [
                        6.925817,
                        50.346528
                    ],
                    [
                        6.925824,
                        50.346591
                    ],
                    [
                        6.925822,
                        50.346626
                    ],
                    [
                        6.925827,
                        50.346665
                    ],
                    [
                        6.925833,
                        50.346695
                    ],
                    [
                        6.925848,
                        50.34673
                    ],
                    [
                        6.925863,
                        50.346767
                    ],
                    [
                        6.925881,
                        50.346801
                    ],
                    [
                        6.925901,
                        50.346838
                    ],
                    [
                        6.925907,
                        50.346858
                    ],
                    [
                        6.925918,
                        50.346878
                    ],
                    [
                        6.925942,
                        50.346908
                    ],
                    [
                        6.92596,
                        50.346937
                    ],
                    [
                        6.925982,
                        50.346966
                    ],
                    [
                        6.926006,
                        50.347006
                    ],
                    [
                        6.926025,
                        50.347036
                    ],
                    [
                        6.926046,
                        50.347066
                    ],
                    [
                        6.926084,
                        50.34712
                    ],
                    [
                        6.926121,
                        50.347181
                    ],
                    [
                        6.926163,
                        50.34724
                    ],
                    [
                        6.9262,
                        50.347299
                    ],
                    [
                        6.926243,
                        50.347359
                    ],
                    [
                        6.926283,
                        50.347423
                    ],
                    [
                        6.926325,
                        50.347485
                    ],
                    [
                        6.926349,
                        50.347523
                    ],
                    [
                        6.926378,
                        50.347563
                    ],
                    [
                        6.926415,
                        50.34762
                    ],
                    [
                        6.926461,
                        50.347684
                    ],
                    [
                        6.926505,
                        50.347759
                    ],
                    [
                        6.926529,
                        50.347805
                    ],
                    [
                        6.92655,
                        50.347843
                    ],
                    [
                        6.926577,
                        50.347885
                    ],
                    [
                        6.926593,
                        50.34792
                    ],
                    [
                        6.926611,
                        50.347962
                    ],
                    [
                        6.926622,
                        50.347996
                    ],
                    [
                        6.926641,
                        50.34803
                    ],
                    [
                        6.92665,
                        50.348063
                    ],
                    [
                        6.926665,
                        50.348105
                    ],
                    [
                        6.926674,
                        50.348143
                    ],
                    [
                        6.926682,
                        50.348183
                    ],
                    [
                        6.926693,
                        50.348231
                    ],
                    [
                        6.926702,
                        50.348271
                    ],
                    [
                        6.926712,
                        50.348315
                    ],
                    [
                        6.926726,
                        50.348379
                    ],
                    [
                        6.926742,
                        50.34844
                    ],
                    [
                        6.926756,
                        50.348502
                    ],
                    [
                        6.926774,
                        50.348568
                    ],
                    [
                        6.926787,
                        50.348629
                    ],
                    [
                        6.926803,
                        50.348695
                    ],
                    [
                        6.926821,
                        50.348768
                    ],
                    [
                        6.926833,
                        50.348833
                    ],
                    [
                        6.926858,
                        50.348908
                    ],
                    [
                        6.926878,
                        50.348974
                    ],
                    [
                        6.926902,
                        50.349039
                    ],
                    [
                        6.926914,
                        50.349074
                    ],
                    [
                        6.92692,
                        50.349111
                    ],
                    [
                        6.926926,
                        50.349146
                    ],
                    [
                        6.926931,
                        50.349185
                    ],
                    [
                        6.92694,
                        50.349214
                    ],
                    [
                        6.926941,
                        50.349244
                    ],
                    [
                        6.926943,
                        50.34928
                    ],
                    [
                        6.926947,
                        50.349315
                    ],
                    [
                        6.926957,
                        50.349387
                    ],
                    [
                        6.926966,
                        50.349453
                    ],
                    [
                        6.926974,
                        50.34953
                    ],
                    [
                        6.926979,
                        50.349604
                    ],
                    [
                        6.926987,
                        50.349681
                    ],
                    [
                        6.926989,
                        50.349755
                    ],
                    [
                        6.926982,
                        50.349827
                    ],
                    [
                        6.926978,
                        50.349899
                    ],
                    [
                        6.926965,
                        50.349968
                    ],
                    [
                        6.926956,
                        50.350037
                    ],
                    [
                        6.926947,
                        50.350103
                    ],
                    [
                        6.926936,
                        50.350181
                    ],
                    [
                        6.926926,
                        50.350256
                    ],
                    [
                        6.926917,
                        50.350336
                    ],
                    [
                        6.926907,
                        50.350405
                    ],
                    [
                        6.926896,
                        50.350481
                    ],
                    [
                        6.926889,
                        50.350559
                    ],
                    [
                        6.926871,
                        50.350649
                    ],
                    [
                        6.926854,
                        50.350736
                    ],
                    [
                        6.926838,
                        50.350827
                    ],
                    [
                        6.926827,
                        50.350919
                    ],
                    [
                        6.926816,
                        50.351014
                    ],
                    [
                        6.926794,
                        50.351111
                    ],
                    [
                        6.926769,
                        50.351207
                    ],
                    [
                        6.926746,
                        50.351304
                    ],
                    [
                        6.926722,
                        50.351399
                    ],
                    [
                        6.926688,
                        50.351501
                    ],
                    [
                        6.926652,
                        50.351608
                    ],
                    [
                        6.926605,
                        50.351724
                    ],
                    [
                        6.926559,
                        50.35184
                    ],
                    [
                        6.926505,
                        50.35196
                    ],
                    [
                        6.926481,
                        50.352026
                    ],
                    [
                        6.926446,
                        50.352087
                    ],
                    [
                        6.926418,
                        50.352151
                    ],
                    [
                        6.926383,
                        50.352213
                    ],
                    [
                        6.926313,
                        50.352339
                    ],
                    [
                        6.926247,
                        50.352458
                    ],
                    [
                        6.926169,
                        50.352574
                    ],
                    [
                        6.92613,
                        50.352635
                    ],
                    [
                        6.926091,
                        50.352696
                    ],
                    [
                        6.926047,
                        50.352757
                    ],
                    [
                        6.926001,
                        50.352821
                    ],
                    [
                        6.925962,
                        50.35288
                    ],
                    [
                        6.92592,
                        50.352938
                    ],
                    [
                        6.925875,
                        50.353002
                    ],
                    [
                        6.925827,
                        50.353063
                    ],
                    [
                        6.925732,
                        50.353194
                    ],
                    [
                        6.925655,
                        50.353305
                    ],
                    [
                        6.925584,
                        50.353401
                    ],
                    [
                        6.925506,
                        50.353508
                    ],
                    [
                        6.925433,
                        50.353612
                    ],
                    [
                        6.925354,
                        50.353718
                    ],
                    [
                        6.925282,
                        50.353816
                    ],
                    [
                        6.925216,
                        50.353914
                    ],
                    [
                        6.925159,
                        50.354009
                    ],
                    [
                        6.925086,
                        50.354117
                    ],
                    [
                        6.925018,
                        50.35423
                    ],
                    [
                        6.924966,
                        50.354316
                    ],
                    [
                        6.924898,
                        50.354413
                    ],
                    [
                        6.92484,
                        50.354508
                    ],
                    [
                        6.924781,
                        50.354604
                    ],
                    [
                        6.924725,
                        50.354696
                    ],
                    [
                        6.924658,
                        50.354798
                    ],
                    [
                        6.924601,
                        50.354892
                    ],
                    [
                        6.924535,
                        50.354994
                    ],
                    [
                        6.924469,
                        50.355105
                    ],
                    [
                        6.92442,
                        50.355186
                    ],
                    [
                        6.924366,
                        50.355281
                    ],
                    [
                        6.924311,
                        50.355372
                    ],
                    [
                        6.924244,
                        50.355478
                    ],
                    [
                        6.924178,
                        50.355575
                    ],
                    [
                        6.924116,
                        50.355657
                    ],
                    [
                        6.92404,
                        50.355756
                    ],
                    [
                        6.923965,
                        50.35584
                    ],
                    [
                        6.923889,
                        50.355923
                    ],
                    [
                        6.923803,
                        50.355998
                    ],
                    [
                        6.923717,
                        50.356075
                    ],
                    [
                        6.923625,
                        50.356156
                    ],
                    [
                        6.923539,
                        50.356226
                    ],
                    [
                        6.923439,
                        50.356295
                    ],
                    [
                        6.923341,
                        50.356364
                    ],
                    [
                        6.923211,
                        50.356444
                    ],
                    [
                        6.923077,
                        50.356519
                    ],
                    [
                        6.922941,
                        50.356589
                    ],
                    [
                        6.922789,
                        50.356672
                    ],
                    [
                        6.922637,
                        50.356734
                    ],
                    [
                        6.922482,
                        50.356795
                    ],
                    [
                        6.922306,
                        50.356855
                    ],
                    [
                        6.922191,
                        50.356896
                    ],
                    [
                        6.92203,
                        50.356941
                    ],
                    [
                        6.921944,
                        50.356968
                    ],
                    [
                        6.921846,
                        50.356998
                    ],
                    [
                        6.921672,
                        50.357048
                    ],
                    [
                        6.921515,
                        50.357094
                    ],
                    [
                        6.921351,
                        50.357141
                    ],
                    [
                        6.921171,
                        50.357192
                    ],
                    [
                        6.921012,
                        50.357237
                    ],
                    [
                        6.92084,
                        50.357288
                    ],
                    [
                        6.920702,
                        50.357323
                    ],
                    [
                        6.920555,
                        50.357369
                    ],
                    [
                        6.920416,
                        50.357414
                    ],
                    [
                        6.920282,
                        50.35748
                    ],
                    [
                        6.920166,
                        50.357555
                    ],
                    [
                        6.920081,
                        50.357647
                    ],
                    [
                        6.920031,
                        50.357742
                    ],
                    [
                        6.920012,
                        50.357827
                    ],
                    [
                        6.92001,
                        50.357923
                    ],
                    [
                        6.920039,
                        50.358023
                    ],
                    [
                        6.920089,
                        50.358114
                    ],
                    [
                        6.920173,
                        50.358196
                    ],
                    [
                        6.920302,
                        50.358288
                    ],
                    [
                        6.920461,
                        50.358356
                    ],
                    [
                        6.920639,
                        50.358414
                    ],
                    [
                        6.920727,
                        50.358436
                    ],
                    [
                        6.920819,
                        50.35846
                    ],
                    [
                        6.920901,
                        50.358479
                    ],
                    [
                        6.920986,
                        50.358505
                    ],
                    [
                        6.921074,
                        50.358525
                    ],
                    [
                        6.921172,
                        50.358549
                    ],
                    [
                        6.921257,
                        50.358572
                    ],
                    [
                        6.921345,
                        50.358599
                    ],
                    [
                        6.921521,
                        50.358641
                    ],
                    [
                        6.921698,
                        50.358691
                    ],
                    [
                        6.92189,
                        50.358738
                    ],
                    [
                        6.922104,
                        50.358797
                    ],
                    [
                        6.922316,
                        50.358851
                    ],
                    [
                        6.922523,
                        50.35891
                    ],
                    [
                        6.922724,
                        50.358958
                    ],
                    [
                        6.922921,
                        50.359012
                    ],
                    [
                        6.923105,
                        50.359068
                    ],
                    [
                        6.923295,
                        50.359128
                    ],
                    [
                        6.923465,
                        50.359178
                    ],
                    [
                        6.923628,
                        50.359235
                    ],
                    [
                        6.923776,
                        50.359295
                    ],
                    [
                        6.923929,
                        50.35936
                    ],
                    [
                        6.924069,
                        50.359435
                    ],
                    [
                        6.924196,
                        50.35952
                    ],
                    [
                        6.924337,
                        50.359605
                    ],
                    [
                        6.924479,
                        50.359692
                    ],
                    [
                        6.924628,
                        50.35978
                    ],
                    [
                        6.924786,
                        50.359861
                    ],
                    [
                        6.924965,
                        50.35993
                    ],
                    [
                        6.925137,
                        50.359999
                    ],
                    [
                        6.925307,
                        50.360067
                    ],
                    [
                        6.925457,
                        50.36013
                    ],
                    [
                        6.92556,
                        50.360175
                    ],
                    [
                        6.925666,
                        50.360228
                    ],
                    [
                        6.925791,
                        50.360301
                    ],
                    [
                        6.925861,
                        50.360346
                    ],
                    [
                        6.925934,
                        50.360394
                    ],
                    [
                        6.926024,
                        50.360449
                    ],
                    [
                        6.926117,
                        50.360515
                    ],
                    [
                        6.926278,
                        50.360619
                    ],
                    [
                        6.926452,
                        50.360738
                    ],
                    [
                        6.926615,
                        50.360852
                    ],
                    [
                        6.926782,
                        50.360966
                    ],
                    [
                        6.926952,
                        50.361082
                    ],
                    [
                        6.92712,
                        50.361193
                    ],
                    [
                        6.927308,
                        50.361309
                    ],
                    [
                        6.927477,
                        50.361409
                    ],
                    [
                        6.927669,
                        50.361514
                    ],
                    [
                        6.927865,
                        50.361618
                    ],
                    [
                        6.928073,
                        50.361718
                    ],
                    [
                        6.928268,
                        50.36182
                    ],
                    [
                        6.928477,
                        50.361934
                    ],
                    [
                        6.928662,
                        50.362047
                    ],
                    [
                        6.92884,
                        50.362171
                    ],
                    [
                        6.929015,
                        50.362295
                    ],
                    [
                        6.929179,
                        50.36242
                    ],
                    [
                        6.92932,
                        50.362551
                    ],
                    [
                        6.929453,
                        50.362683
                    ],
                    [
                        6.929519,
                        50.362742
                    ],
                    [
                        6.929565,
                        50.362816
                    ],
                    [
                        6.929612,
                        50.362881
                    ],
                    [
                        6.929655,
                        50.362943
                    ],
                    [
                        6.929731,
                        50.363065
                    ],
                    [
                        6.929811,
                        50.36319
                    ],
                    [
                        6.929882,
                        50.363299
                    ],
                    [
                        6.929946,
                        50.363403
                    ],
                    [
                        6.930005,
                        50.363492
                    ],
                    [
                        6.930059,
                        50.363574
                    ],
                    [
                        6.930103,
                        50.363652
                    ],
                    [
                        6.930157,
                        50.363724
                    ],
                    [
                        6.930195,
                        50.363788
                    ],
                    [
                        6.930234,
                        50.363846
                    ],
                    [
                        6.930276,
                        50.363907
                    ],
                    [
                        6.930328,
                        50.363987
                    ],
                    [
                        6.930369,
                        50.364053
                    ],
                    [
                        6.930394,
                        50.364111
                    ],
                    [
                        6.930413,
                        50.36417
                    ],
                    [
                        6.930427,
                        50.364229
                    ],
                    [
                        6.930419,
                        50.364291
                    ],
                    [
                        6.93042,
                        50.364348
                    ],
                    [
                        6.930413,
                        50.364404
                    ],
                    [
                        6.930415,
                        50.364456
                    ],
                    [
                        6.930407,
                        50.364506
                    ],
                    [
                        6.930402,
                        50.364555
                    ],
                    [
                        6.9304,
                        50.364606
                    ],
                    [
                        6.930398,
                        50.364655
                    ],
                    [
                        6.930395,
                        50.36471
                    ],
                    [
                        6.930387,
                        50.364763
                    ],
                    [
                        6.930383,
                        50.364816
                    ],
                    [
                        6.930383,
                        50.364863
                    ],
                    [
                        6.930382,
                        50.364911
                    ],
                    [
                        6.930378,
                        50.364968
                    ],
                    [
                        6.930369,
                        50.365033
                    ],
                    [
                        6.930366,
                        50.365072
                    ],
                    [
                        6.930369,
                        50.365123
                    ],
                    [
                        6.930383,
                        50.365174
                    ],
                    [
                        6.930399,
                        50.365218
                    ],
                    [
                        6.930414,
                        50.365262
                    ],
                    [
                        6.930437,
                        50.365305
                    ],
                    [
                        6.930469,
                        50.365358
                    ],
                    [
                        6.930508,
                        50.365404
                    ],
                    [
                        6.930546,
                        50.36545
                    ],
                    [
                        6.930584,
                        50.365487
                    ],
                    [
                        6.930628,
                        50.365526
                    ],
                    [
                        6.930674,
                        50.365556
                    ],
                    [
                        6.930728,
                        50.365588
                    ],
                    [
                        6.930779,
                        50.365616
                    ],
                    [
                        6.93083,
                        50.365641
                    ],
                    [
                        6.930882,
                        50.365664
                    ],
                    [
                        6.930934,
                        50.365685
                    ],
                    [
                        6.930988,
                        50.365706
                    ],
                    [
                        6.931046,
                        50.365729
                    ],
                    [
                        6.93111,
                        50.365756
                    ],
                    [
                        6.931171,
                        50.365778
                    ],
                    [
                        6.931225,
                        50.3658
                    ],
                    [
                        6.931264,
                        50.365821
                    ],
                    [
                        6.931313,
                        50.365843
                    ],
                    [
                        6.931362,
                        50.365873
                    ],
                    [
                        6.931404,
                        50.365899
                    ],
                    [
                        6.931426,
                        50.365924
                    ],
                    [
                        6.931454,
                        50.365951
                    ],
                    [
                        6.931493,
                        50.36599
                    ],
                    [
                        6.931531,
                        50.36604
                    ],
                    [
                        6.931554,
                        50.366072
                    ],
                    [
                        6.931576,
                        50.366102
                    ],
                    [
                        6.931587,
                        50.366122
                    ],
                    [
                        6.931604,
                        50.36615
                    ],
                    [
                        6.931621,
                        50.366181
                    ],
                    [
                        6.931635,
                        50.366219
                    ],
                    [
                        6.931648,
                        50.366253
                    ],
                    [
                        6.931651,
                        50.366286
                    ],
                    [
                        6.93165,
                        50.366317
                    ],
                    [
                        6.931638,
                        50.366347
                    ],
                    [
                        6.931626,
                        50.366377
                    ],
                    [
                        6.931605,
                        50.366406
                    ],
                    [
                        6.931581,
                        50.366438
                    ],
                    [
                        6.931541,
                        50.366469
                    ],
                    [
                        6.9315,
                        50.366503
                    ],
                    [
                        6.931447,
                        50.366535
                    ],
                    [
                        6.931387,
                        50.366573
                    ],
                    [
                        6.931324,
                        50.366615
                    ],
                    [
                        6.931277,
                        50.366663
                    ],
                    [
                        6.931232,
                        50.36672
                    ],
                    [
                        6.931207,
                        50.366779
                    ],
                    [
                        6.931195,
                        50.366835
                    ],
                    [
                        6.931204,
                        50.366896
                    ],
                    [
                        6.931225,
                        50.36696
                    ],
                    [
                        6.931265,
                        50.367019
                    ],
                    [
                        6.931326,
                        50.367077
                    ],
                    [
                        6.931394,
                        50.367127
                    ],
                    [
                        6.931469,
                        50.367176
                    ],
                    [
                        6.931555,
                        50.36723
                    ],
                    [
                        6.931642,
                        50.367286
                    ],
                    [
                        6.931729,
                        50.367341
                    ],
                    [
                        6.931821,
                        50.367393
                    ],
                    [
                        6.93191,
                        50.367443
                    ],
                    [
                        6.931996,
                        50.367495
                    ],
                    [
                        6.932101,
                        50.367545
                    ],
                    [
                        6.9322,
                        50.367599
                    ],
                    [
                        6.932306,
                        50.367653
                    ],
                    [
                        6.932422,
                        50.367707
                    ],
                    [
                        6.932536,
                        50.36776
                    ],
                    [
                        6.932638,
                        50.367812
                    ],
                    [
                        6.932757,
                        50.36787
                    ],
                    [
                        6.932886,
                        50.367926
                    ],
                    [
                        6.933016,
                        50.36799
                    ],
                    [
                        6.933128,
                        50.368042
                    ],
                    [
                        6.933246,
                        50.3681
                    ],
                    [
                        6.933373,
                        50.368162
                    ],
                    [
                        6.933495,
                        50.368225
                    ],
                    [
                        6.933619,
                        50.368297
                    ],
                    [
                        6.933733,
                        50.368373
                    ],
                    [
                        6.933843,
                        50.368452
                    ],
                    [
                        6.93395,
                        50.368528
                    ],
                    [
                        6.934047,
                        50.368602
                    ],
                    [
                        6.934155,
                        50.368683
                    ],
                    [
                        6.934256,
                        50.368754
                    ],
                    [
                        6.934356,
                        50.368834
                    ],
                    [
                        6.934458,
                        50.368911
                    ],
                    [
                        6.934555,
                        50.368982
                    ],
                    [
                        6.934659,
                        50.369053
                    ],
                    [
                        6.934771,
                        50.369126
                    ],
                    [
                        6.934872,
                        50.369191
                    ],
                    [
                        6.934968,
                        50.369251
                    ],
                    [
                        6.935064,
                        50.36931
                    ],
                    [
                        6.935159,
                        50.369366
                    ],
                    [
                        6.935257,
                        50.369427
                    ],
                    [
                        6.935359,
                        50.369484
                    ],
                    [
                        6.935465,
                        50.369551
                    ],
                    [
                        6.935555,
                        50.369607
                    ],
                    [
                        6.935665,
                        50.369674
                    ],
                    [
                        6.935779,
                        50.369741
                    ],
                    [
                        6.935876,
                        50.369803
                    ],
                    [
                        6.935989,
                        50.369871
                    ],
                    [
                        6.936106,
                        50.369944
                    ],
                    [
                        6.93623,
                        50.370021
                    ],
                    [
                        6.93634,
                        50.370089
                    ],
                    [
                        6.936444,
                        50.370156
                    ],
                    [
                        6.936535,
                        50.370217
                    ],
                    [
                        6.936618,
                        50.370281
                    ],
                    [
                        6.936699,
                        50.37035
                    ],
                    [
                        6.936782,
                        50.370427
                    ],
                    [
                        6.936862,
                        50.370498
                    ],
                    [
                        6.936951,
                        50.370578
                    ],
                    [
                        6.937034,
                        50.370655
                    ],
                    [
                        6.937116,
                        50.370727
                    ],
                    [
                        6.937201,
                        50.370805
                    ],
                    [
                        6.93729,
                        50.370882
                    ],
                    [
                        6.937371,
                        50.370957
                    ],
                    [
                        6.937458,
                        50.371037
                    ],
                    [
                        6.937521,
                        50.371118
                    ],
                    [
                        6.937591,
                        50.371205
                    ],
                    [
                        6.937639,
                        50.371297
                    ],
                    [
                        6.937682,
                        50.371392
                    ],
                    [
                        6.937708,
                        50.371487
                    ],
                    [
                        6.937725,
                        50.371591
                    ],
                    [
                        6.937725,
                        50.371689
                    ],
                    [
                        6.937705,
                        50.371795
                    ],
                    [
                        6.937675,
                        50.371895
                    ],
                    [
                        6.937638,
                        50.371988
                    ],
                    [
                        6.937601,
                        50.372079
                    ],
                    [
                        6.937566,
                        50.372169
                    ],
                    [
                        6.937526,
                        50.372268
                    ],
                    [
                        6.937493,
                        50.372359
                    ],
                    [
                        6.937451,
                        50.372457
                    ],
                    [
                        6.937418,
                        50.372545
                    ],
                    [
                        6.937383,
                        50.372635
                    ],
                    [
                        6.93735,
                        50.372719
                    ],
                    [
                        6.937321,
                        50.372805
                    ],
                    [
                        6.93729,
                        50.37289
                    ],
                    [
                        6.937259,
                        50.372972
                    ],
                    [
                        6.937204,
                        50.373054
                    ],
                    [
                        6.937131,
                        50.373133
                    ],
                    [
                        6.937053,
                        50.37319
                    ],
                    [
                        6.936959,
                        50.373238
                    ],
                    [
                        6.936836,
                        50.373276
                    ],
                    [
                        6.936722,
                        50.3733
                    ],
                    [
                        6.936589,
                        50.373316
                    ],
                    [
                        6.936385,
                        50.373315
                    ],
                    [
                        6.93625,
                        50.373309
                    ],
                    [
                        6.9361,
                        50.373303
                    ],
                    [
                        6.935964,
                        50.373299
                    ],
                    [
                        6.935806,
                        50.373302
                    ],
                    [
                        6.935658,
                        50.373321
                    ],
                    [
                        6.935529,
                        50.37336
                    ],
                    [
                        6.935431,
                        50.373395
                    ],
                    [
                        6.935312,
                        50.373439
                    ],
                    [
                        6.935192,
                        50.37348
                    ],
                    [
                        6.93506,
                        50.373532
                    ],
                    [
                        6.934924,
                        50.373584
                    ],
                    [
                        6.934805,
                        50.373625
                    ],
                    [
                        6.934694,
                        50.373678
                    ],
                    [
                        6.934564,
                        50.373735
                    ],
                    [
                        6.934436,
                        50.373793
                    ],
                    [
                        6.934313,
                        50.373851
                    ],
                    [
                        6.934171,
                        50.373919
                    ],
                    [
                        6.934041,
                        50.373981
                    ],
                    [
                        6.93391,
                        50.374044
                    ],
                    [
                        6.933796,
                        50.374107
                    ],
                    [
                        6.933723,
                        50.374169
                    ],
                    [
                        6.933654,
                        50.374254
                    ],
                    [
                        6.933623,
                        50.374344
                    ],
                    [
                        6.933622,
                        50.374439
                    ],
                    [
                        6.933642,
                        50.374522
                    ],
                    [
                        6.933688,
                        50.374601
                    ],
                    [
                        6.933778,
                        50.374673
                    ],
                    [
                        6.933869,
                        50.374724
                    ],
                    [
                        6.933988,
                        50.374775
                    ],
                    [
                        6.934138,
                        50.374822
                    ],
                    [
                        6.934304,
                        50.374869
                    ],
                    [
                        6.934462,
                        50.374924
                    ],
                    [
                        6.93463,
                        50.374975
                    ],
                    [
                        6.934799,
                        50.375031
                    ],
                    [
                        6.934961,
                        50.375085
                    ],
                    [
                        6.935119,
                        50.37514
                    ],
                    [
                        6.935274,
                        50.375194
                    ],
                    [
                        6.935432,
                        50.375253
                    ],
                    [
                        6.935594,
                        50.37532
                    ],
                    [
                        6.935722,
                        50.375379
                    ],
                    [
                        6.935857,
                        50.375451
                    ],
                    [
                        6.935976,
                        50.375516
                    ],
                    [
                        6.936124,
                        50.375593
                    ],
                    [
                        6.936257,
                        50.375666
                    ],
                    [
                        6.936408,
                        50.375755
                    ],
                    [
                        6.936546,
                        50.375843
                    ],
                    [
                        6.936649,
                        50.375946
                    ],
                    [
                        6.936728,
                        50.376062
                    ],
                    [
                        6.936771,
                        50.376189
                    ],
                    [
                        6.93678,
                        50.376312
                    ],
                    [
                        6.936792,
                        50.376432
                    ],
                    [
                        6.936816,
                        50.376542
                    ],
                    [
                        6.936876,
                        50.376649
                    ],
                    [
                        6.936957,
                        50.376745
                    ],
                    [
                        6.937049,
                        50.376839
                    ],
                    [
                        6.937138,
                        50.376929
                    ],
                    [
                        6.937224,
                        50.377016
                    ],
                    [
                        6.937315,
                        50.377114
                    ],
                    [
                        6.937411,
                        50.377219
                    ],
                    [
                        6.937517,
                        50.377325
                    ],
                    [
                        6.937613,
                        50.377418
                    ],
                    [
                        6.93773,
                        50.377516
                    ],
                    [
                        6.937891,
                        50.37762
                    ],
                    [
                        6.938038,
                        50.377691
                    ],
                    [
                        6.938201,
                        50.377752
                    ],
                    [
                        6.938402,
                        50.377807
                    ],
                    [
                        6.938626,
                        50.377857
                    ],
                    [
                        6.938742,
                        50.37788
                    ],
                    [
                        6.938857,
                        50.377888
                    ],
                    [
                        6.939071,
                        50.377886
                    ],
                    [
                        6.939293,
                        50.37786
                    ],
                    [
                        6.9395,
                        50.377836
                    ],
                    [
                        6.939702,
                        50.377805
                    ],
                    [
                        6.939883,
                        50.377755
                    ],
                    [
                        6.940076,
                        50.377691
                    ],
                    [
                        6.940249,
                        50.377619
                    ],
                    [
                        6.940423,
                        50.37755
                    ],
                    [
                        6.940594,
                        50.377482
                    ],
                    [
                        6.940767,
                        50.377413
                    ],
                    [
                        6.940934,
                        50.377334
                    ],
                    [
                        6.941101,
                        50.377259
                    ],
                    [
                        6.941267,
                        50.377185
                    ],
                    [
                        6.941458,
                        50.377098
                    ],
                    [
                        6.941625,
                        50.377025
                    ],
                    [
                        6.941796,
                        50.37695
                    ],
                    [
                        6.941958,
                        50.376876
                    ],
                    [
                        6.942086,
                        50.376817
                    ],
                    [
                        6.942238,
                        50.376741
                    ],
                    [
                        6.942363,
                        50.376649
                    ],
                    [
                        6.942452,
                        50.376538
                    ],
                    [
                        6.94251,
                        50.376433
                    ],
                    [
                        6.942562,
                        50.376333
                    ],
                    [
                        6.942594,
                        50.376282
                    ],
                    [
                        6.942633,
                        50.376247
                    ],
                    [
                        6.942711,
                        50.37619
                    ],
                    [
                        6.942817,
                        50.376146
                    ],
                    [
                        6.942927,
                        50.376119
                    ],
                    [
                        6.943051,
                        50.37611
                    ],
                    [
                        6.943144,
                        50.376121
                    ],
                    [
                        6.943221,
                        50.376156
                    ],
                    [
                        6.943311,
                        50.376227
                    ],
                    [
                        6.943379,
                        50.376303
                    ],
                    [
                        6.943453,
                        50.376385
                    ],
                    [
                        6.943565,
                        50.376491
                    ],
                    [
                        6.943691,
                        50.376578
                    ],
                    [
                        6.943891,
                        50.376627
                    ],
                    [
                        6.944071,
                        50.376676
                    ],
                    [
                        6.944264,
                        50.376701
                    ],
                    [
                        6.944457,
                        50.376718
                    ],
                    [
                        6.944661,
                        50.376733
                    ],
                    [
                        6.944862,
                        50.376748
                    ],
                    [
                        6.945063,
                        50.376757
                    ],
                    [
                        6.945277,
                        50.376765
                    ],
                    [
                        6.94549,
                        50.376775
                    ],
                    [
                        6.945715,
                        50.37678
                    ],
                    [
                        6.94594,
                        50.37679
                    ],
                    [
                        6.946144,
                        50.376794
                    ],
                    [
                        6.946353,
                        50.376802
                    ],
                    [
                        6.946565,
                        50.376809
                    ],
                    [
                        6.946773,
                        50.376816
                    ],
                    [
                        6.94699,
                        50.376825
                    ],
                    [
                        6.947222,
                        50.376833
                    ],
                    [
                        6.947441,
                        50.376826
                    ],
                    [
                        6.947651,
                        50.376797
                    ],
                    [
                        6.947857,
                        50.376769
                    ],
                    [
                        6.948074,
                        50.376733
                    ],
                    [
                        6.948279,
                        50.376703
                    ],
                    [
                        6.948497,
                        50.376669
                    ],
                    [
                        6.948703,
                        50.37663
                    ],
                    [
                        6.948895,
                        50.376598
                    ],
                    [
                        6.949097,
                        50.376569
                    ],
                    [
                        6.949285,
                        50.376549
                    ],
                    [
                        6.949474,
                        50.376562
                    ],
                    [
                        6.949663,
                        50.376614
                    ],
                    [
                        6.949813,
                        50.376694
                    ],
                    [
                        6.949921,
                        50.376789
                    ],
                    [
                        6.950007,
                        50.376896
                    ],
                    [
                        6.950099,
                        50.376994
                    ],
                    [
                        6.950194,
                        50.377101
                    ],
                    [
                        6.950252,
                        50.377159
                    ],
                    [
                        6.95028,
                        50.377214
                    ],
                    [
                        6.950336,
                        50.37732
                    ],
                    [
                        6.950368,
                        50.377383
                    ],
                    [
                        6.950387,
                        50.377446
                    ],
                    [
                        6.950399,
                        50.377509
                    ],
                    [
                        6.950405,
                        50.377576
                    ],
                    [
                        6.950407,
                        50.377644
                    ],
                    [
                        6.9504,
                        50.377706
                    ],
                    [
                        6.950387,
                        50.377825
                    ],
                    [
                        6.950372,
                        50.377937
                    ],
                    [
                        6.950364,
                        50.37804
                    ],
                    [
                        6.950362,
                        50.378128
                    ],
                    [
                        6.950379,
                        50.3782
                    ],
                    [
                        6.950409,
                        50.378255
                    ],
                    [
                        6.950441,
                        50.378299
                    ],
                    [
                        6.950484,
                        50.378337
                    ],
                    [
                        6.950529,
                        50.37837
                    ],
                    [
                        6.950571,
                        50.378387
                    ],
                    [
                        6.950609,
                        50.378409
                    ],
                    [
                        6.950655,
                        50.378423
                    ],
                    [
                        6.950706,
                        50.378445
                    ],
                    [
                        6.950767,
                        50.378466
                    ],
                    [
                        6.950842,
                        50.378489
                    ],
                    [
                        6.950913,
                        50.378514
                    ],
                    [
                        6.950975,
                        50.378534
                    ],
                    [
                        6.951045,
                        50.378552
                    ],
                    [
                        6.951107,
                        50.378569
                    ],
                    [
                        6.951172,
                        50.378588
                    ],
                    [
                        6.95124,
                        50.378611
                    ],
                    [
                        6.951324,
                        50.378633
                    ],
                    [
                        6.951387,
                        50.378649
                    ],
                    [
                        6.951454,
                        50.378668
                    ],
                    [
                        6.95153,
                        50.378686
                    ],
                    [
                        6.951583,
                        50.378701
                    ],
                    [
                        6.951633,
                        50.378712
                    ],
                    [
                        6.951694,
                        50.378727
                    ],
                    [
                        6.951752,
                        50.378739
                    ],
                    [
                        6.951796,
                        50.378752
                    ],
                    [
                        6.95185,
                        50.378762
                    ],
                    [
                        6.9519,
                        50.378777
                    ],
                    [
                        6.951961,
                        50.378794
                    ],
                    [
                        6.952006,
                        50.378807
                    ],
                    [
                        6.952062,
                        50.378818
                    ],
                    [
                        6.952131,
                        50.378833
                    ],
                    [
                        6.952181,
                        50.378847
                    ],
                    [
                        6.952235,
                        50.378855
                    ],
                    [
                        6.952283,
                        50.378869
                    ],
                    [
                        6.952354,
                        50.378885
                    ],
                    [
                        6.952409,
                        50.3789
                    ],
                    [
                        6.952463,
                        50.378911
                    ],
                    [
                        6.952527,
                        50.378925
                    ],
                    [
                        6.95261,
                        50.378946
                    ],
                    [
                        6.952684,
                        50.378961
                    ],
                    [
                        6.952744,
                        50.378973
                    ],
                    [
                        6.95281,
                        50.378991
                    ],
                    [
                        6.952875,
                        50.379002
                    ],
                    [
                        6.95295,
                        50.37902
                    ],
                    [
                        6.953021,
                        50.379033
                    ],
                    [
                        6.953091,
                        50.379047
                    ],
                    [
                        6.953178,
                        50.379069
                    ],
                    [
                        6.953261,
                        50.379084
                    ],
                    [
                        6.953341,
                        50.3791
                    ],
                    [
                        6.953433,
                        50.379117
                    ],
                    [
                        6.953543,
                        50.379135
                    ],
                    [
                        6.953633,
                        50.379154
                    ],
                    [
                        6.953735,
                        50.379172
                    ],
                    [
                        6.953827,
                        50.379187
                    ],
                    [
                        6.953938,
                        50.379209
                    ],
                    [
                        6.954055,
                        50.379226
                    ],
                    [
                        6.954185,
                        50.379249
                    ],
                    [
                        6.954325,
                        50.37927
                    ],
                    [
                        6.954449,
                        50.379285
                    ],
                    [
                        6.954568,
                        50.379306
                    ],
                    [
                        6.954685,
                        50.379318
                    ],
                    [
                        6.954812,
                        50.379336
                    ],
                    [
                        6.954927,
                        50.37935
                    ],
                    [
                        6.955037,
                        50.379364
                    ],
                    [
                        6.955138,
                        50.379379
                    ],
                    [
                        6.955249,
                        50.379393
                    ],
                    [
                        6.955339,
                        50.379407
                    ],
                    [
                        6.955443,
                        50.379421
                    ],
                    [
                        6.955539,
                        50.379435
                    ],
                    [
                        6.955629,
                        50.379446
                    ],
                    [
                        6.955716,
                        50.379457
                    ],
                    [
                        6.955816,
                        50.379471
                    ],
                    [
                        6.955905,
                        50.379483
                    ],
                    [
                        6.956,
                        50.379496
                    ],
                    [
                        6.956102,
                        50.379509
                    ],
                    [
                        6.956197,
                        50.379523
                    ],
                    [
                        6.956288,
                        50.379533
                    ],
                    [
                        6.956384,
                        50.379547
                    ],
                    [
                        6.956489,
                        50.379563
                    ],
                    [
                        6.956591,
                        50.379578
                    ],
                    [
                        6.956699,
                        50.379591
                    ],
                    [
                        6.956798,
                        50.379604
                    ],
                    [
                        6.956888,
                        50.379615
                    ],
                    [
                        6.956998,
                        50.37963
                    ],
                    [
                        6.95711,
                        50.379647
                    ],
                    [
                        6.957203,
                        50.37966
                    ],
                    [
                        6.957302,
                        50.379681
                    ],
                    [
                        6.957398,
                        50.379696
                    ],
                    [
                        6.957509,
                        50.379723
                    ],
                    [
                        6.957598,
                        50.379754
                    ],
                    [
                        6.957685,
                        50.379786
                    ],
                    [
                        6.957774,
                        50.379822
                    ],
                    [
                        6.957859,
                        50.379861
                    ],
                    [
                        6.957942,
                        50.379903
                    ],
                    [
                        6.958042,
                        50.379956
                    ],
                    [
                        6.958143,
                        50.380002
                    ],
                    [
                        6.958239,
                        50.380051
                    ],
                    [
                        6.958347,
                        50.380096
                    ],
                    [
                        6.958442,
                        50.380143
                    ],
                    [
                        6.958547,
                        50.380196
                    ],
                    [
                        6.958652,
                        50.380245
                    ],
                    [
                        6.958751,
                        50.380295
                    ],
                    [
                        6.958861,
                        50.380347
                    ],
                    [
                        6.958965,
                        50.380396
                    ],
                    [
                        6.95907,
                        50.380447
                    ],
                    [
                        6.959182,
                        50.380494
                    ],
                    [
                        6.959287,
                        50.380546
                    ],
                    [
                        6.959394,
                        50.3806
                    ],
                    [
                        6.959507,
                        50.380651
                    ],
                    [
                        6.959615,
                        50.380703
                    ],
                    [
                        6.959733,
                        50.380753
                    ],
                    [
                        6.95985,
                        50.380802
                    ],
                    [
                        6.95997,
                        50.380848
                    ],
                    [
                        6.960089,
                        50.380878
                    ],
                    [
                        6.96017,
                        50.380889
                    ],
                    [
                        6.960255,
                        50.380899
                    ],
                    [
                        6.960389,
                        50.380907
                    ],
                    [
                        6.96054,
                        50.380914
                    ],
                    [
                        6.960679,
                        50.3809
                    ],
                    [
                        6.960815,
                        50.380874
                    ],
                    [
                        6.960923,
                        50.380832
                    ],
                    [
                        6.96103,
                        50.380779
                    ],
                    [
                        6.961108,
                        50.380716
                    ],
                    [
                        6.961172,
                        50.380652
                    ],
                    [
                        6.96121,
                        50.380576
                    ],
                    [
                        6.961241,
                        50.380504
                    ],
                    [
                        6.961265,
                        50.380435
                    ],
                    [
                        6.961287,
                        50.380367
                    ],
                    [
                        6.961308,
                        50.380301
                    ],
                    [
                        6.961331,
                        50.380232
                    ],
                    [
                        6.961345,
                        50.380175
                    ],
                    [
                        6.961357,
                        50.38012
                    ],
                    [
                        6.961368,
                        50.380066
                    ],
                    [
                        6.961377,
                        50.380012
                    ],
                    [
                        6.961378,
                        50.379963
                    ],
                    [
                        6.961382,
                        50.379914
                    ],
                    [
                        6.961376,
                        50.379866
                    ],
                    [
                        6.96137,
                        50.379822
                    ],
                    [
                        6.961366,
                        50.379776
                    ],
                    [
                        6.961362,
                        50.379736
                    ],
                    [
                        6.961355,
                        50.37969
                    ],
                    [
                        6.961348,
                        50.379649
                    ],
                    [
                        6.961346,
                        50.379612
                    ],
                    [
                        6.961339,
                        50.379567
                    ],
                    [
                        6.961332,
                        50.379532
                    ],
                    [
                        6.961328,
                        50.379497
                    ],
                    [
                        6.96132,
                        50.379456
                    ],
                    [
                        6.961317,
                        50.379425
                    ],
                    [
                        6.961315,
                        50.379393
                    ],
                    [
                        6.961308,
                        50.379359
                    ],
                    [
                        6.961304,
                        50.379324
                    ],
                    [
                        6.961299,
                        50.379289
                    ],
                    [
                        6.961291,
                        50.379252
                    ],
                    [
                        6.961287,
                        50.379215
                    ],
                    [
                        6.96128,
                        50.379176
                    ],
                    [
                        6.961275,
                        50.379137
                    ],
                    [
                        6.961269,
                        50.379097
                    ],
                    [
                        6.961264,
                        50.379062
                    ],
                    [
                        6.961261,
                        50.379032
                    ],
                    [
                        6.961255,
                        50.379
                    ],
                    [
                        6.961255,
                        50.378966
                    ],
                    [
                        6.961248,
                        50.378927
                    ],
                    [
                        6.961247,
                        50.378885
                    ],
                    [
                        6.961247,
                        50.378845
                    ],
                    [
                        6.961246,
                        50.378804
                    ],
                    [
                        6.961245,
                        50.378762
                    ],
                    [
                        6.961242,
                        50.378729
                    ],
                    [
                        6.961245,
                        50.378696
                    ],
                    [
                        6.961241,
                        50.378663
                    ],
                    [
                        6.961247,
                        50.378625
                    ],
                    [
                        6.961249,
                        50.378587
                    ],
                    [
                        6.961249,
                        50.378553
                    ],
                    [
                        6.961251,
                        50.37852
                    ],
                    [
                        6.961251,
                        50.378483
                    ],
                    [
                        6.961256,
                        50.378446
                    ],
                    [
                        6.961257,
                        50.37841
                    ],
                    [
                        6.961262,
                        50.378371
                    ],
                    [
                        6.961264,
                        50.378339
                    ],
                    [
                        6.96127,
                        50.37829
                    ],
                    [
                        6.961271,
                        50.37825
                    ],
                    [
                        6.961278,
                        50.378211
                    ],
                    [
                        6.961282,
                        50.378177
                    ],
                    [
                        6.961282,
                        50.378144
                    ],
                    [
                        6.961287,
                        50.378114
                    ],
                    [
                        6.961289,
                        50.378082
                    ],
                    [
                        6.961294,
                        50.378052
                    ],
                    [
                        6.961294,
                        50.378018
                    ],
                    [
                        6.961297,
                        50.377989
                    ],
                    [
                        6.9613,
                        50.377953
                    ],
                    [
                        6.961304,
                        50.377921
                    ],
                    [
                        6.961306,
                        50.377887
                    ],
                    [
                        6.961308,
                        50.377847
                    ],
                    [
                        6.961313,
                        50.3778
                    ],
                    [
                        6.961313,
                        50.377766
                    ],
                    [
                        6.961316,
                        50.377729
                    ],
                    [
                        6.961321,
                        50.377691
                    ],
                    [
                        6.961323,
                        50.377663
                    ],
                    [
                        6.961327,
                        50.377631
                    ],
                    [
                        6.961331,
                        50.377604
                    ],
                    [
                        6.961337,
                        50.377573
                    ],
                    [
                        6.961344,
                        50.377545
                    ],
                    [
                        6.961347,
                        50.377514
                    ],
                    [
                        6.961351,
                        50.377484
                    ],
                    [
                        6.961356,
                        50.377457
                    ],
                    [
                        6.961358,
                        50.377434
                    ],
                    [
                        6.961366,
                        50.377408
                    ],
                    [
                        6.961374,
                        50.377378
                    ],
                    [
                        6.961381,
                        50.377351
                    ],
                    [
                        6.961387,
                        50.377321
                    ],
                    [
                        6.961393,
                        50.377293
                    ],
                    [
                        6.961405,
                        50.377261
                    ],
                    [
                        6.961414,
                        50.37723
                    ],
                    [
                        6.961428,
                        50.377195
                    ],
                    [
                        6.961443,
                        50.377166
                    ],
                    [
                        6.961453,
                        50.377135
                    ],
                    [
                        6.961464,
                        50.377104
                    ],
                    [
                        6.961481,
                        50.377074
                    ],
                    [
                        6.961492,
                        50.377045
                    ],
                    [
                        6.961514,
                        50.377012
                    ],
                    [
                        6.961524,
                        50.376987
                    ],
                    [
                        6.96154,
                        50.37696
                    ],
                    [
                        6.961566,
                        50.376916
                    ],
                    [
                        6.961583,
                        50.376881
                    ],
                    [
                        6.9616,
                        50.376851
                    ],
                    [
                        6.961621,
                        50.37681
                    ],
                    [
                        6.961639,
                        50.376778
                    ],
                    [
                        6.961657,
                        50.37674
                    ],
                    [
                        6.961678,
                        50.376706
                    ],
                    [
                        6.961698,
                        50.37667
                    ],
                    [
                        6.961719,
                        50.376637
                    ],
                    [
                        6.961745,
                        50.376601
                    ],
                    [
                        6.961762,
                        50.376577
                    ],
                    [
                        6.961776,
                        50.376551
                    ],
                    [
                        6.961797,
                        50.376519
                    ],
                    [
                        6.96182,
                        50.376484
                    ],
                    [
                        6.961844,
                        50.376452
                    ],
                    [
                        6.961873,
                        50.376422
                    ],
                    [
                        6.961899,
                        50.376386
                    ],
                    [
                        6.961932,
                        50.376353
                    ],
                    [
                        6.96197,
                        50.376315
                    ],
                    [
                        6.962013,
                        50.376275
                    ],
                    [
                        6.962055,
                        50.376239
                    ],
                    [
                        6.962098,
                        50.3762
                    ],
                    [
                        6.962147,
                        50.376163
                    ],
                    [
                        6.962192,
                        50.376126
                    ],
                    [
                        6.962237,
                        50.376093
                    ],
                    [
                        6.962282,
                        50.37606
                    ],
                    [
                        6.962328,
                        50.376027
                    ],
                    [
                        6.962376,
                        50.375993
                    ],
                    [
                        6.962423,
                        50.375963
                    ],
                    [
                        6.962464,
                        50.375928
                    ],
                    [
                        6.962508,
                        50.3759
                    ],
                    [
                        6.962553,
                        50.375872
                    ],
                    [
                        6.962603,
                        50.375834
                    ],
                    [
                        6.962647,
                        50.375806
                    ],
                    [
                        6.962693,
                        50.375779
                    ],
                    [
                        6.962733,
                        50.375747
                    ],
                    [
                        6.962774,
                        50.375719
                    ],
                    [
                        6.962819,
                        50.375693
                    ],
                    [
                        6.962862,
                        50.375671
                    ],
                    [
                        6.962904,
                        50.375646
                    ],
                    [
                        6.962946,
                        50.375626
                    ],
                    [
                        6.962996,
                        50.375599
                    ],
                    [
                        6.963044,
                        50.375577
                    ],
                    [
                        6.963085,
                        50.375557
                    ],
                    [
                        6.963127,
                        50.375537
                    ],
                    [
                        6.963172,
                        50.375517
                    ],
                    [
                        6.963215,
                        50.375499
                    ],
                    [
                        6.963265,
                        50.37548
                    ],
                    [
                        6.963317,
                        50.375459
                    ],
                    [
                        6.963366,
                        50.375438
                    ],
                    [
                        6.963414,
                        50.375418
                    ],
                    [
                        6.963462,
                        50.375398
                    ],
                    [
                        6.963511,
                        50.375375
                    ],
                    [
                        6.963562,
                        50.375353
                    ],
                    [
                        6.963607,
                        50.375335
                    ],
                    [
                        6.96366,
                        50.375314
                    ],
                    [
                        6.963701,
                        50.375295
                    ],
                    [
                        6.963751,
                        50.375275
                    ],
                    [
                        6.963795,
                        50.375258
                    ],
                    [
                        6.963852,
                        50.375235
                    ],
                    [
                        6.963905,
                        50.375214
                    ],
                    [
                        6.963963,
                        50.375194
                    ],
                    [
                        6.964016,
                        50.375177
                    ],
                    [
                        6.964072,
                        50.37516
                    ],
                    [
                        6.964119,
                        50.375146
                    ],
                    [
                        6.964179,
                        50.375131
                    ],
                    [
                        6.964234,
                        50.375114
                    ],
                    [
                        6.964292,
                        50.375098
                    ],
                    [
                        6.964353,
                        50.375082
                    ],
                    [
                        6.964399,
                        50.375071
                    ],
                    [
                        6.964454,
                        50.375056
                    ],
                    [
                        6.964509,
                        50.375042
                    ],
                    [
                        6.964568,
                        50.375025
                    ],
                    [
                        6.964619,
                        50.375013
                    ],
                    [
                        6.964668,
                        50.374999
                    ],
                    [
                        6.964723,
                        50.374985
                    ],
                    [
                        6.964767,
                        50.374973
                    ],
                    [
                        6.964822,
                        50.374959
                    ],
                    [
                        6.964875,
                        50.374945
                    ],
                    [
                        6.964937,
                        50.374928
                    ],
                    [
                        6.965,
                        50.374913
                    ],
                    [
                        6.965069,
                        50.374893
                    ],
                    [
                        6.965123,
                        50.37488
                    ],
                    [
                        6.965183,
                        50.374863
                    ],
                    [
                        6.965255,
                        50.374844
                    ],
                    [
                        6.965324,
                        50.374824
                    ],
                    [
                        6.965391,
                        50.374806
                    ],
                    [
                        6.965469,
                        50.374788
                    ],
                    [
                        6.965546,
                        50.374768
                    ],
                    [
                        6.965618,
                        50.374748
                    ],
                    [
                        6.9657,
                        50.374727
                    ],
                    [
                        6.965773,
                        50.374708
                    ],
                    [
                        6.965858,
                        50.374686
                    ],
                    [
                        6.965949,
                        50.37466
                    ],
                    [
                        6.966031,
                        50.374638
                    ],
                    [
                        6.966095,
                        50.37462
                    ],
                    [
                        6.96617,
                        50.374601
                    ],
                    [
                        6.966233,
                        50.374587
                    ],
                    [
                        6.966311,
                        50.374564
                    ],
                    [
                        6.966385,
                        50.374548
                    ],
                    [
                        6.966467,
                        50.374528
                    ],
                    [
                        6.966539,
                        50.374512
                    ],
                    [
                        6.966601,
                        50.374499
                    ],
                    [
                        6.966682,
                        50.374484
                    ],
                    [
                        6.966755,
                        50.374473
                    ],
                    [
                        6.966823,
                        50.374464
                    ],
                    [
                        6.966909,
                        50.37446
                    ],
                    [
                        6.966974,
                        50.374453
                    ],
                    [
                        6.967042,
                        50.374452
                    ],
                    [
                        6.9671,
                        50.374448
                    ],
                    [
                        6.967166,
                        50.374447
                    ],
                    [
                        6.967223,
                        50.374449
                    ],
                    [
                        6.967295,
                        50.374449
                    ],
                    [
                        6.967371,
                        50.374452
                    ],
                    [
                        6.967443,
                        50.374453
                    ],
                    [
                        6.967521,
                        50.374455
                    ],
                    [
                        6.967606,
                        50.374457
                    ],
                    [
                        6.967668,
                        50.374459
                    ],
                    [
                        6.967733,
                        50.374459
                    ],
                    [
                        6.96781,
                        50.374462
                    ],
                    [
                        6.967876,
                        50.374461
                    ],
                    [
                        6.967944,
                        50.374464
                    ],
                    [
                        6.968001,
                        50.374465
                    ],
                    [
                        6.96806,
                        50.374466
                    ],
                    [
                        6.968116,
                        50.374467
                    ],
                    [
                        6.968172,
                        50.374467
                    ],
                    [
                        6.968234,
                        50.374471
                    ],
                    [
                        6.96832,
                        50.374475
                    ],
                    [
                        6.968402,
                        50.374475
                    ],
                    [
                        6.968486,
                        50.374479
                    ],
                    [
                        6.968575,
                        50.374478
                    ],
                    [
                        6.968661,
                        50.374483
                    ],
                    [
                        6.968739,
                        50.374484
                    ],
                    [
                        6.968826,
                        50.374486
                    ],
                    [
                        6.96889,
                        50.374487
                    ],
                    [
                        6.968933,
                        50.374486
                    ],
                    [
                        6.968978,
                        50.374489
                    ],
                    [
                        6.969033,
                        50.37449
                    ],
                    [
                        6.969091,
                        50.374489
                    ],
                    [
                        6.969159,
                        50.374493
                    ],
                    [
                        6.969216,
                        50.37449
                    ],
                    [
                        6.969277,
                        50.37449
                    ],
                    [
                        6.969334,
                        50.374491
                    ],
                    [
                        6.96938,
                        50.374488
                    ],
                    [
                        6.969437,
                        50.374485
                    ],
                    [
                        6.969488,
                        50.374482
                    ],
                    [
                        6.969537,
                        50.374478
                    ],
                    [
                        6.969587,
                        50.374474
                    ],
                    [
                        6.969635,
                        50.374471
                    ],
                    [
                        6.969685,
                        50.374467
                    ],
                    [
                        6.969731,
                        50.374466
                    ],
                    [
                        6.969781,
                        50.374462
                    ],
                    [
                        6.969828,
                        50.374457
                    ],
                    [
                        6.969874,
                        50.374454
                    ],
                    [
                        6.969924,
                        50.374452
                    ],
                    [
                        6.969969,
                        50.374447
                    ],
                    [
                        6.970017,
                        50.374445
                    ],
                    [
                        6.970066,
                        50.37444
                    ],
                    [
                        6.970108,
                        50.374437
                    ],
                    [
                        6.970153,
                        50.374434
                    ],
                    [
                        6.970198,
                        50.37443
                    ],
                    [
                        6.970245,
                        50.374428
                    ],
                    [
                        6.970289,
                        50.374426
                    ],
                    [
                        6.970331,
                        50.374424
                    ],
                    [
                        6.970375,
                        50.374421
                    ],
                    [
                        6.970416,
                        50.374416
                    ],
                    [
                        6.970462,
                        50.374414
                    ],
                    [
                        6.970504,
                        50.374413
                    ],
                    [
                        6.970544,
                        50.374409
                    ],
                    [
                        6.970592,
                        50.374405
                    ],
                    [
                        6.970638,
                        50.374401
                    ],
                    [
                        6.970683,
                        50.374396
                    ],
                    [
                        6.970731,
                        50.374394
                    ],
                    [
                        6.970773,
                        50.374389
                    ],
                    [
                        6.970819,
                        50.374388
                    ],
                    [
                        6.970875,
                        50.374383
                    ],
                    [
                        6.970933,
                        50.374379
                    ],
                    [
                        6.971001,
                        50.374371
                    ],
                    [
                        6.971054,
                        50.374367
                    ],
                    [
                        6.971106,
                        50.374364
                    ],
                    [
                        6.971158,
                        50.37436
                    ],
                    [
                        6.971208,
                        50.374357
                    ],
                    [
                        6.971273,
                        50.374353
                    ],
                    [
                        6.971325,
                        50.374351
                    ],
                    [
                        6.971369,
                        50.374348
                    ],
                    [
                        6.971417,
                        50.374346
                    ],
                    [
                        6.971461,
                        50.37434
                    ],
                    [
                        6.971507,
                        50.374339
                    ],
                    [
                        6.971553,
                        50.374335
                    ],
                    [
                        6.971599,
                        50.37433
                    ],
                    [
                        6.971644,
                        50.374326
                    ],
                    [
                        6.97169,
                        50.374323
                    ],
                    [
                        6.971736,
                        50.374319
                    ],
                    [
                        6.97178,
                        50.374318
                    ],
                    [
                        6.971826,
                        50.374313
                    ],
                    [
                        6.971876,
                        50.374309
                    ],
                    [
                        6.971933,
                        50.374303
                    ],
                    [
                        6.971995,
                        50.3743
                    ],
                    [
                        6.972045,
                        50.374298
                    ],
                    [
                        6.972109,
                        50.374295
                    ],
                    [
                        6.972176,
                        50.374289
                    ],
                    [
                        6.972246,
                        50.374284
                    ],
                    [
                        6.972318,
                        50.37428
                    ],
                    [
                        6.972383,
                        50.374275
                    ],
                    [
                        6.972446,
                        50.374269
                    ],
                    [
                        6.972522,
                        50.374264
                    ],
                    [
                        6.972596,
                        50.374258
                    ],
                    [
                        6.972675,
                        50.374253
                    ],
                    [
                        6.972752,
                        50.374245
                    ],
                    [
                        6.972826,
                        50.374235
                    ],
                    [
                        6.972904,
                        50.374226
                    ],
                    [
                        6.972982,
                        50.374216
                    ],
                    [
                        6.973058,
                        50.374205
                    ],
                    [
                        6.973126,
                        50.374193
                    ],
                    [
                        6.9732,
                        50.374179
                    ],
                    [
                        6.973278,
                        50.374167
                    ],
                    [
                        6.973341,
                        50.374155
                    ],
                    [
                        6.973405,
                        50.374143
                    ],
                    [
                        6.973466,
                        50.374133
                    ],
                    [
                        6.973516,
                        50.374124
                    ],
                    [
                        6.973577,
                        50.374115
                    ],
                    [
                        6.973653,
                        50.374099
                    ],
                    [
                        6.973717,
                        50.374089
                    ],
                    [
                        6.973784,
                        50.374078
                    ],
                    [
                        6.973848,
                        50.374067
                    ],
                    [
                        6.973919,
                        50.374056
                    ],
                    [
                        6.974,
                        50.374038
                    ],
                    [
                        6.974069,
                        50.374026
                    ],
                    [
                        6.974144,
                        50.374011
                    ],
                    [
                        6.974211,
                        50.373997
                    ],
                    [
                        6.974278,
                        50.37399
                    ],
                    [
                        6.974348,
                        50.373977
                    ],
                    [
                        6.974423,
                        50.373962
                    ],
                    [
                        6.974492,
                        50.373946
                    ],
                    [
                        6.974566,
                        50.373933
                    ],
                    [
                        6.974646,
                        50.373918
                    ],
                    [
                        6.974715,
                        50.373907
                    ],
                    [
                        6.974787,
                        50.373892
                    ],
                    [
                        6.974836,
                        50.373884
                    ],
                    [
                        6.974915,
                        50.373872
                    ],
                    [
                        6.97498,
                        50.373858
                    ],
                    [
                        6.975057,
                        50.373843
                    ],
                    [
                        6.975133,
                        50.373828
                    ],
                    [
                        6.975193,
                        50.373812
                    ],
                    [
                        6.975265,
                        50.373796
                    ],
                    [
                        6.975335,
                        50.373774
                    ],
                    [
                        6.975407,
                        50.373753
                    ],
                    [
                        6.975472,
                        50.373732
                    ],
                    [
                        6.975534,
                        50.373711
                    ],
                    [
                        6.975605,
                        50.373693
                    ],
                    [
                        6.975668,
                        50.373666
                    ],
                    [
                        6.975741,
                        50.373642
                    ],
                    [
                        6.975803,
                        50.373615
                    ],
                    [
                        6.975873,
                        50.373588
                    ],
                    [
                        6.975932,
                        50.373563
                    ],
                    [
                        6.975995,
                        50.373535
                    ],
                    [
                        6.976059,
                        50.373508
                    ],
                    [
                        6.976119,
                        50.373478
                    ],
                    [
                        6.976172,
                        50.373454
                    ],
                    [
                        6.976219,
                        50.373427
                    ],
                    [
                        6.976274,
                        50.3734
                    ],
                    [
                        6.976345,
                        50.373362
                    ],
                    [
                        6.976397,
                        50.37333
                    ],
                    [
                        6.976466,
                        50.373293
                    ],
                    [
                        6.976519,
                        50.373261
                    ],
                    [
                        6.976583,
                        50.373227
                    ],
                    [
                        6.976637,
                        50.373196
                    ],
                    [
                        6.976691,
                        50.373167
                    ],
                    [
                        6.976754,
                        50.373132
                    ],
                    [
                        6.976813,
                        50.373099
                    ],
                    [
                        6.976879,
                        50.373067
                    ],
                    [
                        6.976931,
                        50.373044
                    ],
                    [
                        6.976977,
                        50.373022
                    ],
                    [
                        6.977022,
                        50.373002
                    ],
                    [
                        6.977075,
                        50.372978
                    ],
                    [
                        6.977119,
                        50.372958
                    ],
                    [
                        6.977174,
                        50.372932
                    ],
                    [
                        6.977239,
                        50.372906
                    ],
                    [
                        6.977282,
                        50.372888
                    ],
                    [
                        6.977345,
                        50.372867
                    ],
                    [
                        6.977411,
                        50.372838
                    ],
                    [
                        6.977478,
                        50.372818
                    ],
                    [
                        6.977546,
                        50.372791
                    ],
                    [
                        6.977614,
                        50.372765
                    ],
                    [
                        6.977687,
                        50.372744
                    ],
                    [
                        6.977763,
                        50.372724
                    ],
                    [
                        6.977835,
                        50.372701
                    ],
                    [
                        6.977905,
                        50.372678
                    ],
                    [
                        6.977978,
                        50.372657
                    ],
                    [
                        6.978051,
                        50.372635
                    ],
                    [
                        6.978124,
                        50.372615
                    ],
                    [
                        6.978196,
                        50.372596
                    ],
                    [
                        6.978266,
                        50.372569
                    ],
                    [
                        6.978335,
                        50.372551
                    ],
                    [
                        6.978404,
                        50.372528
                    ],
                    [
                        6.978452,
                        50.372513
                    ],
                    [
                        6.978513,
                        50.372494
                    ],
                    [
                        6.978589,
                        50.372472
                    ],
                    [
                        6.978656,
                        50.372451
                    ],
                    [
                        6.978738,
                        50.372428
                    ],
                    [
                        6.978807,
                        50.372409
                    ],
                    [
                        6.978875,
                        50.372391
                    ],
                    [
                        6.97894,
                        50.372373
                    ],
                    [
                        6.979002,
                        50.372354
                    ],
                    [
                        6.979069,
                        50.372338
                    ],
                    [
                        6.979127,
                        50.372318
                    ],
                    [
                        6.979196,
                        50.372301
                    ],
                    [
                        6.979269,
                        50.372286
                    ],
                    [
                        6.979347,
                        50.372271
                    ],
                    [
                        6.97942,
                        50.372262
                    ],
                    [
                        6.979496,
                        50.372255
                    ],
                    [
                        6.979564,
                        50.372253
                    ],
                    [
                        6.979645,
                        50.372253
                    ],
                    [
                        6.979706,
                        50.372254
                    ],
                    [
                        6.979783,
                        50.372257
                    ],
                    [
                        6.979872,
                        50.372262
                    ],
                    [
                        6.979938,
                        50.372266
                    ],
                    [
                        6.980004,
                        50.372271
                    ],
                    [
                        6.980064,
                        50.372281
                    ],
                    [
                        6.98014,
                        50.37229
                    ],
                    [
                        6.980206,
                        50.372295
                    ],
                    [
                        6.980269,
                        50.372301
                    ],
                    [
                        6.980335,
                        50.37231
                    ],
                    [
                        6.980391,
                        50.372316
                    ],
                    [
                        6.980452,
                        50.372324
                    ],
                    [
                        6.980514,
                        50.372334
                    ],
                    [
                        6.980586,
                        50.372346
                    ],
                    [
                        6.980646,
                        50.372361
                    ],
                    [
                        6.980709,
                        50.372379
                    ],
                    [
                        6.980775,
                        50.372397
                    ],
                    [
                        6.98083,
                        50.372415
                    ],
                    [
                        6.980904,
                        50.372439
                    ],
                    [
                        6.980973,
                        50.372461
                    ],
                    [
                        6.981036,
                        50.372481
                    ],
                    [
                        6.981087,
                        50.372497
                    ],
                    [
                        6.98115,
                        50.372518
                    ],
                    [
                        6.981234,
                        50.372545
                    ],
                    [
                        6.981311,
                        50.372571
                    ],
                    [
                        6.98138,
                        50.372593
                    ],
                    [
                        6.981458,
                        50.372622
                    ],
                    [
                        6.981524,
                        50.372648
                    ],
                    [
                        6.981586,
                        50.372673
                    ],
                    [
                        6.981661,
                        50.372696
                    ],
                    [
                        6.981715,
                        50.372716
                    ],
                    [
                        6.981775,
                        50.372737
                    ],
                    [
                        6.981838,
                        50.372759
                    ],
                    [
                        6.981899,
                        50.372777
                    ],
                    [
                        6.981972,
                        50.372802
                    ],
                    [
                        6.982019,
                        50.372824
                    ],
                    [
                        6.982085,
                        50.372847
                    ],
                    [
                        6.982137,
                        50.37287
                    ],
                    [
                        6.982204,
                        50.372897
                    ],
                    [
                        6.982255,
                        50.372917
                    ],
                    [
                        6.982303,
                        50.372935
                    ],
                    [
                        6.982362,
                        50.372959
                    ],
                    [
                        6.982424,
                        50.37299
                    ],
                    [
                        6.982488,
                        50.373018
                    ],
                    [
                        6.982533,
                        50.373041
                    ],
                    [
                        6.982592,
                        50.373067
                    ],
                    [
                        6.982651,
                        50.373094
                    ],
                    [
                        6.982711,
                        50.373122
                    ],
                    [
                        6.982766,
                        50.373154
                    ],
                    [
                        6.982831,
                        50.373185
                    ],
                    [
                        6.982874,
                        50.373206
                    ],
                    [
                        6.982926,
                        50.373232
                    ],
                    [
                        6.982962,
                        50.373249
                    ],
                    [
                        6.982997,
                        50.373265
                    ],
                    [
                        6.98303,
                        50.373282
                    ],
                    [
                        6.983084,
                        50.373311
                    ],
                    [
                        6.983154,
                        50.373345
                    ],
                    [
                        6.983219,
                        50.373375
                    ],
                    [
                        6.983268,
                        50.373402
                    ],
                    [
                        6.983321,
                        50.373425
                    ],
                    [
                        6.983383,
                        50.373457
                    ],
                    [
                        6.983515,
                        50.373523
                    ],
                    [
                        6.983579,
                        50.373552
                    ],
                    [
                        6.983615,
                        50.373575
                    ],
                    [
                        6.983677,
                        50.373608
                    ],
                    [
                        6.983716,
                        50.373629
                    ],
                    [
                        6.983746,
                        50.373648
                    ],
                    [
                        6.983782,
                        50.373666
                    ],
                    [
                        6.983819,
                        50.373685
                    ],
                    [
                        6.983854,
                        50.373706
                    ],
                    [
                        6.983892,
                        50.373731
                    ],
                    [
                        6.983935,
                        50.373754
                    ],
                    [
                        6.98398,
                        50.373779
                    ],
                    [
                        6.984031,
                        50.373812
                    ],
                    [
                        6.984074,
                        50.373839
                    ],
                    [
                        6.984116,
                        50.373861
                    ],
                    [
                        6.984157,
                        50.373886
                    ],
                    [
                        6.984199,
                        50.373911
                    ],
                    [
                        6.984235,
                        50.373935
                    ],
                    [
                        6.984281,
                        50.373959
                    ],
                    [
                        6.984326,
                        50.373983
                    ],
                    [
                        6.984367,
                        50.37401
                    ],
                    [
                        6.984416,
                        50.374034
                    ],
                    [
                        6.984464,
                        50.374057
                    ],
                    [
                        6.984518,
                        50.374077
                    ],
                    [
                        6.984575,
                        50.3741
                    ],
                    [
                        6.98463,
                        50.374124
                    ],
                    [
                        6.984694,
                        50.374144
                    ],
                    [
                        6.984756,
                        50.374159
                    ],
                    [
                        6.984815,
                        50.374176
                    ],
                    [
                        6.984884,
                        50.374192
                    ],
                    [
                        6.984958,
                        50.374206
                    ],
                    [
                        6.985031,
                        50.374222
                    ],
                    [
                        6.985106,
                        50.374232
                    ],
                    [
                        6.985168,
                        50.374236
                    ],
                    [
                        6.985216,
                        50.374246
                    ],
                    [
                        6.985271,
                        50.374249
                    ],
                    [
                        6.985321,
                        50.374257
                    ],
                    [
                        6.985365,
                        50.374262
                    ],
                    [
                        6.985415,
                        50.374267
                    ],
                    [
                        6.985457,
                        50.374273
                    ],
                    [
                        6.985504,
                        50.374275
                    ],
                    [
                        6.985547,
                        50.374282
                    ],
                    [
                        6.985592,
                        50.374289
                    ],
                    [
                        6.985643,
                        50.37429
                    ],
                    [
                        6.985709,
                        50.374301
                    ],
                    [
                        6.985802,
                        50.37431
                    ],
                    [
                        6.985875,
                        50.374317
                    ],
                    [
                        6.985956,
                        50.374325
                    ],
                    [
                        6.986011,
                        50.374329
                    ],
                    [
                        6.98606,
                        50.374334
                    ],
                    [
                        6.986136,
                        50.374341
                    ],
                    [
                        6.986213,
                        50.374352
                    ],
                    [
                        6.986298,
                        50.37436
                    ],
                    [
                        6.986349,
                        50.374368
                    ],
                    [
                        6.98642,
                        50.374376
                    ],
                    [
                        6.986498,
                        50.374383
                    ],
                    [
                        6.986575,
                        50.37439
                    ],
                    [
                        6.986659,
                        50.374397
                    ],
                    [
                        6.986712,
                        50.374403
                    ],
                    [
                        6.986787,
                        50.374413
                    ],
                    [
                        6.986833,
                        50.374415
                    ],
                    [
                        6.9869,
                        50.374424
                    ],
                    [
                        6.986981,
                        50.374432
                    ],
                    [
                        6.987061,
                        50.374438
                    ],
                    [
                        6.98713,
                        50.374443
                    ],
                    [
                        6.987199,
                        50.37445
                    ],
                    [
                        6.987273,
                        50.374456
                    ],
                    [
                        6.987351,
                        50.374461
                    ],
                    [
                        6.987431,
                        50.374466
                    ],
                    [
                        6.987511,
                        50.374472
                    ],
                    [
                        6.987579,
                        50.374482
                    ],
                    [
                        6.987653,
                        50.374491
                    ],
                    [
                        6.987723,
                        50.374501
                    ],
                    [
                        6.987778,
                        50.37451
                    ],
                    [
                        6.987819,
                        50.374517
                    ],
                    [
                        6.987867,
                        50.374528
                    ],
                    [
                        6.9879,
                        50.374536
                    ],
                    [
                        6.987943,
                        50.374543
                    ],
                    [
                        6.987995,
                        50.374549
                    ],
                    [
                        6.988041,
                        50.374561
                    ],
                    [
                        6.988093,
                        50.374568
                    ],
                    [
                        6.98814,
                        50.37458
                    ],
                    [
                        6.988187,
                        50.374589
                    ],
                    [
                        6.988238,
                        50.374595
                    ],
                    [
                        6.988295,
                        50.374605
                    ],
                    [
                        6.988348,
                        50.374613
                    ],
                    [
                        6.988396,
                        50.374626
                    ],
                    [
                        6.988447,
                        50.374632
                    ],
                    [
                        6.988496,
                        50.374641
                    ],
                    [
                        6.988543,
                        50.374646
                    ],
                    [
                        6.988598,
                        50.374652
                    ],
                    [
                        6.988659,
                        50.374655
                    ],
                    [
                        6.988715,
                        50.374655
                    ],
                    [
                        6.988769,
                        50.374654
                    ],
                    [
                        6.988823,
                        50.374647
                    ],
                    [
                        6.988876,
                        50.374636
                    ],
                    [
                        6.988928,
                        50.374623
                    ],
                    [
                        6.988976,
                        50.37461
                    ],
                    [
                        6.989021,
                        50.374589
                    ],
                    [
                        6.989067,
                        50.374566
                    ],
                    [
                        6.989115,
                        50.374541
                    ],
                    [
                        6.989159,
                        50.374514
                    ],
                    [
                        6.989188,
                        50.374488
                    ],
                    [
                        6.989221,
                        50.374455
                    ],
                    [
                        6.989245,
                        50.374426
                    ],
                    [
                        6.98927,
                        50.374391
                    ],
                    [
                        6.989288,
                        50.374351
                    ],
                    [
                        6.989295,
                        50.374307
                    ],
                    [
                        6.989298,
                        50.374266
                    ],
                    [
                        6.989295,
                        50.374226
                    ],
                    [
                        6.989286,
                        50.374182
                    ],
                    [
                        6.989279,
                        50.374138
                    ],
                    [
                        6.989267,
                        50.374094
                    ],
                    [
                        6.989253,
                        50.374048
                    ],
                    [
                        6.989233,
                        50.374009
                    ],
                    [
                        6.989208,
                        50.373971
                    ],
                    [
                        6.989181,
                        50.373934
                    ],
                    [
                        6.989153,
                        50.373898
                    ],
                    [
                        6.989124,
                        50.373864
                    ],
                    [
                        6.989085,
                        50.373827
                    ],
                    [
                        6.989041,
                        50.373799
                    ],
                    [
                        6.98899,
                        50.373769
                    ],
                    [
                        6.988944,
                        50.373745
                    ],
                    [
                        6.988898,
                        50.373717
                    ],
                    [
                        6.988849,
                        50.37369
                    ],
                    [
                        6.988802,
                        50.373668
                    ],
                    [
                        6.988756,
                        50.373644
                    ],
                    [
                        6.988708,
                        50.373621
                    ],
                    [
                        6.988658,
                        50.373593
                    ],
                    [
                        6.988615,
                        50.373565
                    ],
                    [
                        6.988563,
                        50.37354
                    ],
                    [
                        6.988522,
                        50.373519
                    ],
                    [
                        6.988471,
                        50.373495
                    ],
                    [
                        6.988437,
                        50.373476
                    ],
                    [
                        6.988401,
                        50.373455
                    ],
                    [
                        6.988356,
                        50.373432
                    ],
                    [
                        6.988313,
                        50.373412
                    ],
                    [
                        6.988261,
                        50.373389
                    ],
                    [
                        6.988213,
                        50.373365
                    ],
                    [
                        6.98816,
                        50.373339
                    ],
                    [
                        6.988111,
                        50.373314
                    ],
                    [
                        6.988057,
                        50.37329
                    ],
                    [
                        6.988013,
                        50.373269
                    ],
                    [
                        6.987973,
                        50.373254
                    ],
                    [
                        6.987937,
                        50.373239
                    ],
                    [
                        6.987912,
                        50.373225
                    ],
                    [
                        6.987879,
                        50.37321
                    ],
                    [
                        6.987841,
                        50.373192
                    ],
                    [
                        6.987807,
                        50.37318
                    ],
                    [
                        6.987774,
                        50.373165
                    ],
                    [
                        6.987741,
                        50.373149
                    ],
                    [
                        6.987703,
                        50.37313
                    ],
                    [
                        6.987669,
                        50.37311
                    ],
                    [
                        6.987637,
                        50.373094
                    ],
                    [
                        6.987602,
                        50.373073
                    ],
                    [
                        6.987561,
                        50.373052
                    ],
                    [
                        6.987526,
                        50.373031
                    ],
                    [
                        6.987503,
                        50.373017
                    ],
                    [
                        6.987477,
                        50.373
                    ],
                    [
                        6.987451,
                        50.372978
                    ],
                    [
                        6.987424,
                        50.372964
                    ],
                    [
                        6.987401,
                        50.372947
                    ],
                    [
                        6.987375,
                        50.372931
                    ],
                    [
                        6.987346,
                        50.372911
                    ],
                    [
                        6.987308,
                        50.372886
                    ],
                    [
                        6.987268,
                        50.372864
                    ],
                    [
                        6.987226,
                        50.372844
                    ],
                    [
                        6.987192,
                        50.372824
                    ],
                    [
                        6.987135,
                        50.372792
                    ],
                    [
                        6.987089,
                        50.372764
                    ],
                    [
                        6.987036,
                        50.372743
                    ],
                    [
                        6.986996,
                        50.372725
                    ],
                    [
                        6.98695,
                        50.372709
                    ],
                    [
                        6.986904,
                        50.37269
                    ],
                    [
                        6.986873,
                        50.372674
                    ],
                    [
                        6.986832,
                        50.372658
                    ],
                    [
                        6.986794,
                        50.372643
                    ],
                    [
                        6.986757,
                        50.372624
                    ],
                    [
                        6.986711,
                        50.372602
                    ],
                    [
                        6.986645,
                        50.37257
                    ],
                    [
                        6.9866,
                        50.372547
                    ],
                    [
                        6.986563,
                        50.37253
                    ],
                    [
                        6.986528,
                        50.37251
                    ],
                    [
                        6.98649,
                        50.372496
                    ],
                    [
                        6.986455,
                        50.372477
                    ],
                    [
                        6.986412,
                        50.372456
                    ],
                    [
                        6.986375,
                        50.372436
                    ],
                    [
                        6.986307,
                        50.372406
                    ],
                    [
                        6.98624,
                        50.372381
                    ],
                    [
                        6.986199,
                        50.372362
                    ],
                    [
                        6.986158,
                        50.372346
                    ],
                    [
                        6.986112,
                        50.37233
                    ],
                    [
                        6.986065,
                        50.372314
                    ],
                    [
                        6.986022,
                        50.372297
                    ],
                    [
                        6.985982,
                        50.372284
                    ],
                    [
                        6.985936,
                        50.372271
                    ],
                    [
                        6.985891,
                        50.372255
                    ],
                    [
                        6.98584,
                        50.372238
                    ],
                    [
                        6.985786,
                        50.372219
                    ],
                    [
                        6.985751,
                        50.372203
                    ],
                    [
                        6.985709,
                        50.372187
                    ],
                    [
                        6.985653,
                        50.372162
                    ],
                    [
                        6.985618,
                        50.372134
                    ],
                    [
                        6.985583,
                        50.372098
                    ],
                    [
                        6.985554,
                        50.372062
                    ],
                    [
                        6.985536,
                        50.372027
                    ],
                    [
                        6.985522,
                        50.371987
                    ],
                    [
                        6.985512,
                        50.371943
                    ],
                    [
                        6.985518,
                        50.371901
                    ],
                    [
                        6.985532,
                        50.371854
                    ],
                    [
                        6.985555,
                        50.371812
                    ],
                    [
                        6.985587,
                        50.371772
                    ],
                    [
                        6.985637,
                        50.37173
                    ],
                    [
                        6.985698,
                        50.371696
                    ],
                    [
                        6.985773,
                        50.371668
                    ],
                    [
                        6.985845,
                        50.371648
                    ],
                    [
                        6.985922,
                        50.371638
                    ],
                    [
                        6.986008,
                        50.371636
                    ],
                    [
                        6.986081,
                        50.371639
                    ],
                    [
                        6.986153,
                        50.371657
                    ],
                    [
                        6.986218,
                        50.371673
                    ],
                    [
                        6.986286,
                        50.371701
                    ],
                    [
                        6.986351,
                        50.37174
                    ],
                    [
                        6.986403,
                        50.371786
                    ],
                    [
                        6.986441,
                        50.371843
                    ],
                    [
                        6.986476,
                        50.371906
                    ],
                    [
                        6.986513,
                        50.371969
                    ],
                    [
                        6.986549,
                        50.372028
                    ],
                    [
                        6.986591,
                        50.372087
                    ],
                    [
                        6.986637,
                        50.372144
                    ],
                    [
                        6.986688,
                        50.372202
                    ],
                    [
                        6.986758,
                        50.372257
                    ],
                    [
                        6.9868,
                        50.372287
                    ],
                    [
                        6.986841,
                        50.372313
                    ],
                    [
                        6.986888,
                        50.372338
                    ],
                    [
                        6.986933,
                        50.372364
                    ],
                    [
                        6.987026,
                        50.372413
                    ],
                    [
                        6.987135,
                        50.372469
                    ],
                    [
                        6.98724,
                        50.37252
                    ],
                    [
                        6.987347,
                        50.372577
                    ],
                    [
                        6.987452,
                        50.37263
                    ],
                    [
                        6.987564,
                        50.372681
                    ],
                    [
                        6.987662,
                        50.372724
                    ],
                    [
                        6.987765,
                        50.372756
                    ],
                    [
                        6.98787,
                        50.372783
                    ],
                    [
                        6.987978,
                        50.37281
                    ],
                    [
                        6.988092,
                        50.372834
                    ],
                    [
                        6.988204,
                        50.372856
                    ],
                    [
                        6.988317,
                        50.372882
                    ],
                    [
                        6.988435,
                        50.372907
                    ],
                    [
                        6.988556,
                        50.372928
                    ],
                    [
                        6.988669,
                        50.372951
                    ],
                    [
                        6.988788,
                        50.372977
                    ],
                    [
                        6.988883,
                        50.372996
                    ],
                    [
                        6.988995,
                        50.37302
                    ],
                    [
                        6.989096,
                        50.373039
                    ],
                    [
                        6.989187,
                        50.37306
                    ],
                    [
                        6.989283,
                        50.373076
                    ],
                    [
                        6.989367,
                        50.373096
                    ],
                    [
                        6.989447,
                        50.373114
                    ],
                    [
                        6.989529,
                        50.373132
                    ],
                    [
                        6.989612,
                        50.373146
                    ],
                    [
                        6.989692,
                        50.373164
                    ],
                    [
                        6.989769,
                        50.373183
                    ],
                    [
                        6.989845,
                        50.373196
                    ],
                    [
                        6.989926,
                        50.37321
                    ],
                    [
                        6.990002,
                        50.373225
                    ],
                    [
                        6.990074,
                        50.37324
                    ],
                    [
                        6.990148,
                        50.373256
                    ],
                    [
                        6.990227,
                        50.373263
                    ],
                    [
                        6.990292,
                        50.373276
                    ],
                    [
                        6.990354,
                        50.373282
                    ],
                    [
                        6.990419,
                        50.373289
                    ],
                    [
                        6.990484,
                        50.373294
                    ],
                    [
                        6.990541,
                        50.373299
                    ],
                    [
                        6.990597,
                        50.373307
                    ],
                    [
                        6.990656,
                        50.373312
                    ],
                    [
                        6.990709,
                        50.373316
                    ],
                    [
                        6.99076,
                        50.373321
                    ],
                    [
                        6.990811,
                        50.373324
                    ],
                    [
                        6.990851,
                        50.373327
                    ],
                    [
                        6.9909,
                        50.373326
                    ],
                    [
                        6.990942,
                        50.373329
                    ],
                    [
                        6.990985,
                        50.37333
                    ],
                    [
                        6.991022,
                        50.373334
                    ],
                    [
                        6.991106,
                        50.373329
                    ],
                    [
                        6.991164,
                        50.373336
                    ],
                    [
                        6.991228,
                        50.373343
                    ],
                    [
                        6.991294,
                        50.373347
                    ],
                    [
                        6.991368,
                        50.373355
                    ],
                    [
                        6.991439,
                        50.373369
                    ],
                    [
                        6.99151,
                        50.373376
                    ],
                    [
                        6.991584,
                        50.373385
                    ],
                    [
                        6.991651,
                        50.373399
                    ],
                    [
                        6.991709,
                        50.373417
                    ],
                    [
                        6.991762,
                        50.373442
                    ],
                    [
                        6.991818,
                        50.373463
                    ],
                    [
                        6.991875,
                        50.373487
                    ],
                    [
                        6.991927,
                        50.37351
                    ],
                    [
                        6.991993,
                        50.373544
                    ],
                    [
                        6.992049,
                        50.373573
                    ],
                    [
                        6.992107,
                        50.373601
                    ],
                    [
                        6.992176,
                        50.373633
                    ],
                    [
                        6.992222,
                        50.373661
                    ],
                    [
                        6.992281,
                        50.373688
                    ],
                    [
                        6.992331,
                        50.373717
                    ],
                    [
                        6.992381,
                        50.373744
                    ],
                    [
                        6.992437,
                        50.373769
                    ],
                    [
                        6.992486,
                        50.373797
                    ],
                    [
                        6.99254,
                        50.373826
                    ],
                    [
                        6.992583,
                        50.37385
                    ],
                    [
                        6.992638,
                        50.373875
                    ],
                    [
                        6.992694,
                        50.3739
                    ],
                    [
                        6.99275,
                        50.373932
                    ],
                    [
                        6.992814,
                        50.373963
                    ],
                    [
                        6.992873,
                        50.373994
                    ],
                    [
                        6.992918,
                        50.374021
                    ],
                    [
                        6.992961,
                        50.374044
                    ],
                    [
                        6.993003,
                        50.374074
                    ],
                    [
                        6.993051,
                        50.374104
                    ],
                    [
                        6.993102,
                        50.37414
                    ],
                    [
                        6.993153,
                        50.37418
                    ],
                    [
                        6.993203,
                        50.374217
                    ],
                    [
                        6.993246,
                        50.37425
                    ],
                    [
                        6.993286,
                        50.374282
                    ],
                    [
                        6.993324,
                        50.374315
                    ],
                    [
                        6.993362,
                        50.374346
                    ],
                    [
                        6.9934,
                        50.374377
                    ],
                    [
                        6.993435,
                        50.374415
                    ],
                    [
                        6.993473,
                        50.374452
                    ],
                    [
                        6.99351,
                        50.374481
                    ],
                    [
                        6.993544,
                        50.374515
                    ],
                    [
                        6.993576,
                        50.374551
                    ],
                    [
                        6.993612,
                        50.374582
                    ],
                    [
                        6.99364,
                        50.374612
                    ],
                    [
                        6.993669,
                        50.37464
                    ],
                    [
                        6.993696,
                        50.374666
                    ],
                    [
                        6.993724,
                        50.37469
                    ],
                    [
                        6.99375,
                        50.374721
                    ],
                    [
                        6.993778,
                        50.374743
                    ],
                    [
                        6.993803,
                        50.374772
                    ],
                    [
                        6.993832,
                        50.374803
                    ],
                    [
                        6.993858,
                        50.374834
                    ],
                    [
                        6.993878,
                        50.374869
                    ],
                    [
                        6.993904,
                        50.374905
                    ],
                    [
                        6.993924,
                        50.37495
                    ],
                    [
                        6.993934,
                        50.374987
                    ],
                    [
                        6.993939,
                        50.375025
                    ],
                    [
                        6.993941,
                        50.375062
                    ],
                    [
                        6.99394,
                        50.375089
                    ],
                    [
                        6.993932,
                        50.375121
                    ],
                    [
                        6.993927,
                        50.375156
                    ],
                    [
                        6.993922,
                        50.375185
                    ],
                    [
                        6.993913,
                        50.375223
                    ],
                    [
                        6.993906,
                        50.375256
                    ],
                    [
                        6.993891,
                        50.375296
                    ],
                    [
                        6.993878,
                        50.375337
                    ],
                    [
                        6.993864,
                        50.375371
                    ],
                    [
                        6.993857,
                        50.375403
                    ],
                    [
                        6.993846,
                        50.375437
                    ],
                    [
                        6.993833,
                        50.375473
                    ],
                    [
                        6.993821,
                        50.375506
                    ],
                    [
                        6.993809,
                        50.375543
                    ],
                    [
                        6.993804,
                        50.375567
                    ],
                    [
                        6.9938,
                        50.375587
                    ],
                    [
                        6.993796,
                        50.375608
                    ],
                    [
                        6.993788,
                        50.375642
                    ],
                    [
                        6.99379,
                        50.375667
                    ],
                    [
                        6.993789,
                        50.375693
                    ],
                    [
                        6.993792,
                        50.375722
                    ],
                    [
                        6.993796,
                        50.375766
                    ],
                    [
                        6.993808,
                        50.375802
                    ],
                    [
                        6.993824,
                        50.375842
                    ],
                    [
                        6.993849,
                        50.375883
                    ],
                    [
                        6.993874,
                        50.375917
                    ],
                    [
                        6.993904,
                        50.375947
                    ],
                    [
                        6.993933,
                        50.375978
                    ],
                    [
                        6.993964,
                        50.376006
                    ],
                    [
                        6.993991,
                        50.376032
                    ],
                    [
                        6.994028,
                        50.376069
                    ],
                    [
                        6.99407,
                        50.376106
                    ],
                    [
                        6.994105,
                        50.376142
                    ],
                    [
                        6.994151,
                        50.376184
                    ],
                    [
                        6.994179,
                        50.376211
                    ],
                    [
                        6.994206,
                        50.376237
                    ],
                    [
                        6.99424,
                        50.376271
                    ],
                    [
                        6.994272,
                        50.376299
                    ],
                    [
                        6.994303,
                        50.376327
                    ],
                    [
                        6.99433,
                        50.376353
                    ],
                    [
                        6.994361,
                        50.376386
                    ],
                    [
                        6.994405,
                        50.376426
                    ],
                    [
                        6.994454,
                        50.376467
                    ],
                    [
                        6.994494,
                        50.376511
                    ],
                    [
                        6.994525,
                        50.376533
                    ],
                    [
                        6.994549,
                        50.376561
                    ],
                    [
                        6.994573,
                        50.376584
                    ],
                    [
                        6.994606,
                        50.376619
                    ],
                    [
                        6.99465,
                        50.376656
                    ],
                    [
                        6.994677,
                        50.376684
                    ],
                    [
                        6.994715,
                        50.376714
                    ],
                    [
                        6.994753,
                        50.376746
                    ],
                    [
                        6.994808,
                        50.376782
                    ],
                    [
                        6.994867,
                        50.376818
                    ],
                    [
                        6.994927,
                        50.376843
                    ],
                    [
                        6.994986,
                        50.376864
                    ],
                    [
                        6.995039,
                        50.376881
                    ],
                    [
                        6.99513,
                        50.376905
                    ],
                    [
                        6.995217,
                        50.376919
                    ],
                    [
                        6.995294,
                        50.376928
                    ],
                    [
                        6.995365,
                        50.376934
                    ],
                    [
                        6.995458,
                        50.376935
                    ],
                    [
                        6.995538,
                        50.376927
                    ],
                    [
                        6.995626,
                        50.376918
                    ],
                    [
                        6.995703,
                        50.376905
                    ],
                    [
                        6.99579,
                        50.376885
                    ],
                    [
                        6.99586,
                        50.376867
                    ],
                    [
                        6.99594,
                        50.376841
                    ],
                    [
                        6.996029,
                        50.376811
                    ],
                    [
                        6.996106,
                        50.376786
                    ],
                    [
                        6.996201,
                        50.376755
                    ],
                    [
                        6.996305,
                        50.376718
                    ],
                    [
                        6.99641,
                        50.376685
                    ],
                    [
                        6.99651,
                        50.37665
                    ],
                    [
                        6.996614,
                        50.376617
                    ],
                    [
                        6.996729,
                        50.376585
                    ],
                    [
                        6.996844,
                        50.376564
                    ],
                    [
                        6.996976,
                        50.376543
                    ],
                    [
                        6.997104,
                        50.376525
                    ],
                    [
                        6.997242,
                        50.376506
                    ],
                    [
                        6.997362,
                        50.37649
                    ],
                    [
                        6.997544,
                        50.376466
                    ],
                    [
                        6.997688,
                        50.376444
                    ],
                    [
                        6.997833,
                        50.376421
                    ],
                    [
                        6.997992,
                        50.376392
                    ],
                    [
                        6.998139,
                        50.376362
                    ],
                    [
                        6.998288,
                        50.376333
                    ],
                    [
                        6.998445,
                        50.376302
                    ],
                    [
                        6.998596,
                        50.376272
                    ],
                    [
                        6.998737,
                        50.376245
                    ],
                    [
                        6.99886,
                        50.376219
                    ],
                    [
                        6.999002,
                        50.376178
                    ],
                    [
                        6.999113,
                        50.376147
                    ],
                    [
                        6.999235,
                        50.376091
                    ],
                    [
                        6.999343,
                        50.376038
                    ],
                    [
                        6.999463,
                        50.37597
                    ],
                    [
                        6.999561,
                        50.3759
                    ],
                    [
                        6.999654,
                        50.375818
                    ],
                    [
                        6.999751,
                        50.375721
                    ],
                    [
                        6.999836,
                        50.375636
                    ],
                    [
                        6.999936,
                        50.375538
                    ],
                    [
                        7.000052,
                        50.375445
                    ],
                    [
                        7.000155,
                        50.375372
                    ],
                    [
                        7.000278,
                        50.37531
                    ],
                    [
                        7.000419,
                        50.375254
                    ],
                    [
                        7.000581,
                        50.3752
                    ],
                    [
                        7.000744,
                        50.375155
                    ],
                    [
                        7.000909,
                        50.375115
                    ],
                    [
                        7.000995,
                        50.375097
                    ],
                    [
                        7.001078,
                        50.375088
                    ],
                    [
                        7.001233,
                        50.375082
                    ],
                    [
                        7.001403,
                        50.375076
                    ],
                    [
                        7.001559,
                        50.375073
                    ],
                    [
                        7.001709,
                        50.37506
                    ],
                    [
                        7.001895,
                        50.375026
                    ],
                    [
                        7.002049,
                        50.37497
                    ],
                    [
                        7.002159,
                        50.374912
                    ],
                    [
                        7.002279,
                        50.374834
                    ],
                    [
                        7.002396,
                        50.374749
                    ],
                    [
                        7.002528,
                        50.374656
                    ],
                    [
                        7.00267,
                        50.374553
                    ],
                    [
                        7.002807,
                        50.374448
                    ],
                    [
                        7.002948,
                        50.374351
                    ],
                    [
                        7.003074,
                        50.374259
                    ],
                    [
                        7.003203,
                        50.37416
                    ],
                    [
                        7.003313,
                        50.374074
                    ],
                    [
                        7.003417,
                        50.373989
                    ],
                    [
                        7.003492,
                        50.373919
                    ],
                    [
                        7.003558,
                        50.373841
                    ],
                    [
                        7.003623,
                        50.373748
                    ],
                    [
                        7.003664,
                        50.373655
                    ],
                    [
                        7.003674,
                        50.373572
                    ],
                    [
                        7.003676,
                        50.3735
                    ],
                    [
                        7.003672,
                        50.373411
                    ],
                    [
                        7.003651,
                        50.373334
                    ],
                    [
                        7.003627,
                        50.373266
                    ],
                    [
                        7.003581,
                        50.373187
                    ],
                    [
                        7.003524,
                        50.373107
                    ],
                    [
                        7.003463,
                        50.373031
                    ],
                    [
                        7.0034,
                        50.372956
                    ],
                    [
                        7.003332,
                        50.372865
                    ],
                    [
                        7.003273,
                        50.372781
                    ],
                    [
                        7.003203,
                        50.372685
                    ],
                    [
                        7.00313,
                        50.372574
                    ],
                    [
                        7.003075,
                        50.372466
                    ],
                    [
                        7.003019,
                        50.372363
                    ],
                    [
                        7.00296,
                        50.372245
                    ],
                    [
                        7.002908,
                        50.372141
                    ],
                    [
                        7.00286,
                        50.372038
                    ],
                    [
                        7.002815,
                        50.371928
                    ],
                    [
                        7.002797,
                        50.37187
                    ],
                    [
                        7.002791,
                        50.371808
                    ],
                    [
                        7.002799,
                        50.37174
                    ],
                    [
                        7.002816,
                        50.371682
                    ],
                    [
                        7.002842,
                        50.371632
                    ],
                    [
                        7.002862,
                        50.371598
                    ],
                    [
                        7.002904,
                        50.371554
                    ],
                    [
                        7.002947,
                        50.371522
                    ],
                    [
                        7.002989,
                        50.371486
                    ],
                    [
                        7.003112,
                        50.371405
                    ],
                    [
                        7.003242,
                        50.371316
                    ],
                    [
                        7.003383,
                        50.371225
                    ],
                    [
                        7.003462,
                        50.37119
                    ],
                    [
                        7.003554,
                        50.371146
                    ],
                    [
                        7.003638,
                        50.37112
                    ],
                    [
                        7.003728,
                        50.371084
                    ],
                    [
                        7.00378,
                        50.371066
                    ],
                    [
                        7.003895,
                        50.371037
                    ],
                    [
                        7.00401,
                        50.371016
                    ],
                    [
                        7.004135,
                        50.370999
                    ],
                    [
                        7.004301,
                        50.370979
                    ],
                    [
                        7.004466,
                        50.370961
                    ],
                    [
                        7.004644,
                        50.37094
                    ],
                    [
                        7.004823,
                        50.370918
                    ],
                    [
                        7.00493,
                        50.370893
                    ],
                    [
                        7.005015,
                        50.370869
                    ],
                    [
                        7.005093,
                        50.370833
                    ],
                    [
                        7.005176,
                        50.370785
                    ],
                    [
                        7.005243,
                        50.370733
                    ],
                    [
                        7.005293,
                        50.370674
                    ],
                    [
                        7.005334,
                        50.370613
                    ],
                    [
                        7.005356,
                        50.370551
                    ],
                    [
                        7.005367,
                        50.370477
                    ],
                    [
                        7.005377,
                        50.370401
                    ],
                    [
                        7.005388,
                        50.370331
                    ],
                    [
                        7.0054,
                        50.370263
                    ],
                    [
                        7.00541,
                        50.370194
                    ],
                    [
                        7.005422,
                        50.370121
                    ],
                    [
                        7.005433,
                        50.370057
                    ],
                    [
                        7.005441,
                        50.369979
                    ],
                    [
                        7.005463,
                        50.369856
                    ],
                    [
                        7.005484,
                        50.369731
                    ],
                    [
                        7.005502,
                        50.369604
                    ],
                    [
                        7.005524,
                        50.369487
                    ],
                    [
                        7.005535,
                        50.369375
                    ],
                    [
                        7.005559,
                        50.369265
                    ],
                    [
                        7.00555,
                        50.369156
                    ],
                    [
                        7.005518,
                        50.369059
                    ],
                    [
                        7.005445,
                        50.368974
                    ],
                    [
                        7.005364,
                        50.368898
                    ],
                    [
                        7.005281,
                        50.368841
                    ],
                    [
                        7.005189,
                        50.368798
                    ],
                    [
                        7.005091,
                        50.368758
                    ],
                    [
                        7.004985,
                        50.368729
                    ],
                    [
                        7.004882,
                        50.368712
                    ],
                    [
                        7.004793,
                        50.368703
                    ],
                    [
                        7.004701,
                        50.368696
                    ],
                    [
                        7.004606,
                        50.368695
                    ],
                    [
                        7.00451,
                        50.368696
                    ],
                    [
                        7.004407,
                        50.368698
                    ],
                    [
                        7.004305,
                        50.368702
                    ],
                    [
                        7.004199,
                        50.368705
                    ],
                    [
                        7.004095,
                        50.368707
                    ],
                    [
                        7.003989,
                        50.368712
                    ],
                    [
                        7.003879,
                        50.368714
                    ],
                    [
                        7.003775,
                        50.368719
                    ],
                    [
                        7.003669,
                        50.368721
                    ],
                    [
                        7.003554,
                        50.368724
                    ],
                    [
                        7.003428,
                        50.368732
                    ],
                    [
                        7.003313,
                        50.36874
                    ],
                    [
                        7.003207,
                        50.368749
                    ],
                    [
                        7.003084,
                        50.368754
                    ],
                    [
                        7.002972,
                        50.368763
                    ],
                    [
                        7.002868,
                        50.36877
                    ],
                    [
                        7.002737,
                        50.368779
                    ],
                    [
                        7.002617,
                        50.368784
                    ],
                    [
                        7.002498,
                        50.36879
                    ],
                    [
                        7.002401,
                        50.368799
                    ],
                    [
                        7.002307,
                        50.368805
                    ],
                    [
                        7.00221,
                        50.368813
                    ],
                    [
                        7.002098,
                        50.368814
                    ],
                    [
                        7.002004,
                        50.368809
                    ],
                    [
                        7.001932,
                        50.368802
                    ],
                    [
                        7.001871,
                        50.368797
                    ],
                    [
                        7.001809,
                        50.368785
                    ],
                    [
                        7.001754,
                        50.368772
                    ],
                    [
                        7.001686,
                        50.368753
                    ],
                    [
                        7.001637,
                        50.368736
                    ],
                    [
                        7.001585,
                        50.368714
                    ],
                    [
                        7.001531,
                        50.368689
                    ],
                    [
                        7.001487,
                        50.368663
                    ],
                    [
                        7.001447,
                        50.368631
                    ],
                    [
                        7.001409,
                        50.368596
                    ],
                    [
                        7.001374,
                        50.368561
                    ],
                    [
                        7.001346,
                        50.368528
                    ],
                    [
                        7.00133,
                        50.368494
                    ],
                    [
                        7.001312,
                        50.368459
                    ],
                    [
                        7.001299,
                        50.368418
                    ],
                    [
                        7.001286,
                        50.368383
                    ],
                    [
                        7.001269,
                        50.368337
                    ],
                    [
                        7.001246,
                        50.368291
                    ],
                    [
                        7.001229,
                        50.368251
                    ],
                    [
                        7.001213,
                        50.368209
                    ],
                    [
                        7.001196,
                        50.368176
                    ],
                    [
                        7.001175,
                        50.368139
                    ],
                    [
                        7.001154,
                        50.368104
                    ],
                    [
                        7.001131,
                        50.368071
                    ],
                    [
                        7.001099,
                        50.368038
                    ],
                    [
                        7.00107,
                        50.368
                    ],
                    [
                        7.001033,
                        50.36796
                    ],
                    [
                        7.000993,
                        50.367922
                    ],
                    [
                        7.000948,
                        50.367883
                    ],
                    [
                        7.000902,
                        50.367848
                    ],
                    [
                        7.000853,
                        50.367809
                    ],
                    [
                        7.000802,
                        50.367768
                    ],
                    [
                        7.000752,
                        50.367725
                    ],
                    [
                        7.000691,
                        50.367679
                    ],
                    [
                        7.000632,
                        50.367624
                    ],
                    [
                        7.000564,
                        50.367573
                    ],
                    [
                        7.000508,
                        50.367523
                    ],
                    [
                        7.000439,
                        50.36747
                    ],
                    [
                        7.000377,
                        50.367418
                    ],
                    [
                        7.000307,
                        50.367366
                    ],
                    [
                        7.000248,
                        50.36731
                    ],
                    [
                        7.00016,
                        50.367236
                    ],
                    [
                        7.000084,
                        50.367173
                    ],
                    [
                        7.000014,
                        50.367097
                    ],
                    [
                        6.999956,
                        50.367022
                    ],
                    [
                        6.999906,
                        50.366939
                    ],
                    [
                        6.999837,
                        50.366851
                    ],
                    [
                        6.999772,
                        50.366761
                    ],
                    [
                        6.999715,
                        50.36667
                    ],
                    [
                        6.999662,
                        50.366576
                    ],
                    [
                        6.999611,
                        50.366482
                    ],
                    [
                        6.999562,
                        50.366387
                    ],
                    [
                        6.999519,
                        50.366287
                    ],
                    [
                        6.999486,
                        50.366179
                    ],
                    [
                        6.999494,
                        50.366065
                    ],
                    [
                        6.999514,
                        50.365944
                    ],
                    [
                        6.999542,
                        50.365824
                    ],
                    [
                        6.999563,
                        50.365711
                    ],
                    [
                        6.99959,
                        50.365593
                    ],
                    [
                        6.999607,
                        50.365478
                    ],
                    [
                        6.999632,
                        50.365365
                    ],
                    [
                        6.999628,
                        50.365309
                    ],
                    [
                        6.999623,
                        50.365246
                    ],
                    [
                        6.999619,
                        50.365139
                    ],
                    [
                        6.999607,
                        50.365034
                    ],
                    [
                        6.999599,
                        50.364932
                    ],
                    [
                        6.999585,
                        50.364832
                    ],
                    [
                        6.999587,
                        50.364725
                    ],
                    [
                        6.999595,
                        50.364613
                    ],
                    [
                        6.999605,
                        50.364503
                    ],
                    [
                        6.99961,
                        50.364388
                    ],
                    [
                        6.999624,
                        50.364271
                    ],
                    [
                        6.99963,
                        50.36418
                    ],
                    [
                        6.999638,
                        50.364088
                    ],
                    [
                        6.999648,
                        50.363991
                    ],
                    [
                        6.999634,
                        50.3639
                    ],
                    [
                        6.999618,
                        50.363821
                    ],
                    [
                        6.999569,
                        50.363738
                    ],
                    [
                        6.999491,
                        50.363661
                    ],
                    [
                        6.999421,
                        50.363595
                    ],
                    [
                        6.999337,
                        50.363536
                    ],
                    [
                        6.99927,
                        50.363488
                    ],
                    [
                        6.999207,
                        50.363436
                    ],
                    [
                        6.999139,
                        50.363386
                    ],
                    [
                        6.999072,
                        50.363336
                    ],
                    [
                        6.999003,
                        50.363294
                    ],
                    [
                        6.998938,
                        50.363251
                    ],
                    [
                        6.998873,
                        50.363216
                    ],
                    [
                        6.998796,
                        50.363182
                    ],
                    [
                        6.998719,
                        50.363151
                    ],
                    [
                        6.998651,
                        50.363124
                    ],
                    [
                        6.998577,
                        50.363104
                    ],
                    [
                        6.998498,
                        50.363083
                    ],
                    [
                        6.998422,
                        50.363068
                    ],
                    [
                        6.998359,
                        50.363056
                    ],
                    [
                        6.998296,
                        50.363044
                    ],
                    [
                        6.998225,
                        50.363034
                    ],
                    [
                        6.998158,
                        50.363021
                    ],
                    [
                        6.998089,
                        50.363013
                    ],
                    [
                        6.99799,
                        50.362998
                    ],
                    [
                        6.997907,
                        50.362989
                    ],
                    [
                        6.997847,
                        50.362978
                    ],
                    [
                        6.99779,
                        50.362968
                    ],
                    [
                        6.997729,
                        50.362959
                    ],
                    [
                        6.997672,
                        50.362948
                    ],
                    [
                        6.997609,
                        50.362939
                    ],
                    [
                        6.997533,
                        50.362927
                    ],
                    [
                        6.997462,
                        50.362916
                    ],
                    [
                        6.997392,
                        50.362906
                    ],
                    [
                        6.997311,
                        50.362893
                    ],
                    [
                        6.997237,
                        50.362874
                    ],
                    [
                        6.997145,
                        50.362849
                    ],
                    [
                        6.997073,
                        50.362823
                    ],
                    [
                        6.997003,
                        50.362796
                    ],
                    [
                        6.99692,
                        50.362758
                    ],
                    [
                        6.996846,
                        50.362722
                    ],
                    [
                        6.996797,
                        50.362694
                    ],
                    [
                        6.996752,
                        50.362662
                    ],
                    [
                        6.996683,
                        50.362619
                    ],
                    [
                        6.996625,
                        50.362582
                    ],
                    [
                        6.996539,
                        50.362523
                    ],
                    [
                        6.996456,
                        50.362471
                    ],
                    [
                        6.996366,
                        50.362412
                    ],
                    [
                        6.996302,
                        50.362367
                    ],
                    [
                        6.996235,
                        50.362325
                    ],
                    [
                        6.996154,
                        50.362273
                    ],
                    [
                        6.996077,
                        50.362222
                    ],
                    [
                        6.996011,
                        50.362176
                    ],
                    [
                        6.99592,
                        50.362116
                    ],
                    [
                        6.995856,
                        50.362071
                    ],
                    [
                        6.995789,
                        50.362027
                    ],
                    [
                        6.995717,
                        50.361981
                    ],
                    [
                        6.995643,
                        50.361931
                    ],
                    [
                        6.995564,
                        50.361871
                    ],
                    [
                        6.995477,
                        50.361814
                    ],
                    [
                        6.995428,
                        50.361777
                    ],
                    [
                        6.995391,
                        50.361742
                    ],
                    [
                        6.99532,
                        50.36168
                    ],
                    [
                        6.99528,
                        50.361648
                    ],
                    [
                        6.995253,
                        50.361618
                    ],
                    [
                        6.995198,
                        50.36155
                    ],
                    [
                        6.995158,
                        50.36151
                    ],
                    [
                        6.995129,
                        50.361472
                    ],
                    [
                        6.995091,
                        50.361424
                    ],
                    [
                        6.995059,
                        50.361373
                    ],
                    [
                        6.995019,
                        50.361327
                    ],
                    [
                        6.994983,
                        50.361275
                    ],
                    [
                        6.994942,
                        50.361216
                    ],
                    [
                        6.994899,
                        50.361164
                    ],
                    [
                        6.99486,
                        50.361109
                    ],
                    [
                        6.994819,
                        50.361047
                    ],
                    [
                        6.994744,
                        50.360943
                    ],
                    [
                        6.994654,
                        50.360825
                    ],
                    [
                        6.99457,
                        50.360709
                    ],
                    [
                        6.994474,
                        50.36059
                    ],
                    [
                        6.994388,
                        50.360476
                    ],
                    [
                        6.994302,
                        50.360379
                    ],
                    [
                        6.994209,
                        50.360289
                    ],
                    [
                        6.994108,
                        50.360208
                    ],
                    [
                        6.994011,
                        50.360132
                    ],
                    [
                        6.99391,
                        50.360062
                    ],
                    [
                        6.993805,
                        50.359992
                    ],
                    [
                        6.993699,
                        50.359933
                    ],
                    [
                        6.993585,
                        50.359878
                    ],
                    [
                        6.993482,
                        50.359823
                    ],
                    [
                        6.993344,
                        50.359767
                    ],
                    [
                        6.993223,
                        50.359723
                    ],
                    [
                        6.993079,
                        50.359686
                    ],
                    [
                        6.992954,
                        50.359649
                    ],
                    [
                        6.992821,
                        50.359609
                    ],
                    [
                        6.992691,
                        50.359566
                    ],
                    [
                        6.99256,
                        50.359511
                    ],
                    [
                        6.992461,
                        50.359459
                    ],
                    [
                        6.992349,
                        50.359407
                    ],
                    [
                        6.992244,
                        50.359346
                    ],
                    [
                        6.992133,
                        50.359289
                    ],
                    [
                        6.992021,
                        50.359229
                    ],
                    [
                        6.991896,
                        50.359169
                    ],
                    [
                        6.991771,
                        50.359115
                    ],
                    [
                        6.991638,
                        50.359063
                    ],
                    [
                        6.991509,
                        50.359024
                    ],
                    [
                        6.991375,
                        50.35899
                    ],
                    [
                        6.991223,
                        50.358952
                    ],
                    [
                        6.991062,
                        50.358923
                    ],
                    [
                        6.990918,
                        50.358902
                    ],
                    [
                        6.990761,
                        50.358883
                    ],
                    [
                        6.990621,
                        50.35887
                    ],
                    [
                        6.990485,
                        50.358853
                    ],
                    [
                        6.99035,
                        50.358832
                    ],
                    [
                        6.990174,
                        50.358811
                    ],
                    [
                        6.990049,
                        50.358789
                    ],
                    [
                        6.989907,
                        50.358763
                    ],
                    [
                        6.989731,
                        50.358738
                    ],
                    [
                        6.989593,
                        50.358713
                    ],
                    [
                        6.989437,
                        50.358679
                    ],
                    [
                        6.989295,
                        50.358642
                    ],
                    [
                        6.989155,
                        50.358609
                    ],
                    [
                        6.989019,
                        50.358575
                    ],
                    [
                        6.988891,
                        50.358544
                    ],
                    [
                        6.988764,
                        50.358518
                    ],
                    [
                        6.988645,
                        50.358486
                    ],
                    [
                        6.988521,
                        50.358459
                    ],
                    [
                        6.988408,
                        50.35843
                    ],
                    [
                        6.98828,
                        50.358405
                    ],
                    [
                        6.98817,
                        50.358377
                    ],
                    [
                        6.988052,
                        50.35835
                    ],
                    [
                        6.987949,
                        50.358325
                    ],
                    [
                        6.987846,
                        50.358299
                    ],
                    [
                        6.987735,
                        50.358269
                    ],
                    [
                        6.987635,
                        50.358253
                    ],
                    [
                        6.987527,
                        50.35823
                    ],
                    [
                        6.987444,
                        50.358217
                    ],
                    [
                        6.987366,
                        50.358201
                    ],
                    [
                        6.987267,
                        50.358188
                    ],
                    [
                        6.987164,
                        50.358171
                    ],
                    [
                        6.987053,
                        50.358161
                    ],
                    [
                        6.986934,
                        50.358146
                    ],
                    [
                        6.986816,
                        50.358134
                    ],
                    [
                        6.986691,
                        50.358124
                    ],
                    [
                        6.986578,
                        50.358121
                    ],
                    [
                        6.986456,
                        50.358113
                    ],
                    [
                        6.986353,
                        50.35811
                    ],
                    [
                        6.986257,
                        50.358109
                    ],
                    [
                        6.986159,
                        50.358109
                    ],
                    [
                        6.986058,
                        50.358115
                    ],
                    [
                        6.98596,
                        50.358124
                    ],
                    [
                        6.985845,
                        50.358138
                    ],
                    [
                        6.985739,
                        50.358165
                    ],
                    [
                        6.985642,
                        50.358193
                    ],
                    [
                        6.985541,
                        50.358224
                    ],
                    [
                        6.985454,
                        50.358257
                    ],
                    [
                        6.985377,
                        50.358294
                    ],
                    [
                        6.985294,
                        50.358339
                    ],
                    [
                        6.985207,
                        50.358385
                    ],
                    [
                        6.985124,
                        50.358434
                    ],
                    [
                        6.985054,
                        50.358473
                    ],
                    [
                        6.984995,
                        50.358506
                    ],
                    [
                        6.984927,
                        50.358545
                    ],
                    [
                        6.984858,
                        50.358587
                    ],
                    [
                        6.984791,
                        50.358626
                    ],
                    [
                        6.984724,
                        50.358664
                    ],
                    [
                        6.984665,
                        50.358696
                    ],
                    [
                        6.984611,
                        50.358725
                    ],
                    [
                        6.984566,
                        50.358745
                    ],
                    [
                        6.984527,
                        50.358761
                    ],
                    [
                        6.984486,
                        50.358782
                    ],
                    [
                        6.984443,
                        50.358804
                    ],
                    [
                        6.984363,
                        50.358832
                    ],
                    [
                        6.984252,
                        50.358874
                    ],
                    [
                        6.984171,
                        50.3589
                    ],
                    [
                        6.984094,
                        50.358916
                    ],
                    [
                        6.984029,
                        50.358929
                    ],
                    [
                        6.983968,
                        50.358935
                    ],
                    [
                        6.983915,
                        50.358943
                    ],
                    [
                        6.983864,
                        50.358947
                    ],
                    [
                        6.983807,
                        50.358947
                    ],
                    [
                        6.983752,
                        50.358945
                    ],
                    [
                        6.983695,
                        50.358941
                    ],
                    [
                        6.983638,
                        50.358936
                    ],
                    [
                        6.983586,
                        50.358927
                    ],
                    [
                        6.983532,
                        50.358917
                    ],
                    [
                        6.983488,
                        50.358907
                    ],
                    [
                        6.983429,
                        50.358892
                    ],
                    [
                        6.983366,
                        50.358876
                    ],
                    [
                        6.983302,
                        50.358855
                    ],
                    [
                        6.983239,
                        50.358835
                    ],
                    [
                        6.983185,
                        50.358815
                    ],
                    [
                        6.983132,
                        50.358797
                    ],
                    [
                        6.983086,
                        50.358779
                    ],
                    [
                        6.983039,
                        50.358758
                    ],
                    [
                        6.982992,
                        50.358733
                    ],
                    [
                        6.982934,
                        50.358712
                    ],
                    [
                        6.982882,
                        50.358688
                    ],
                    [
                        6.982824,
                        50.358663
                    ],
                    [
                        6.98276,
                        50.358633
                    ],
                    [
                        6.9827,
                        50.358608
                    ],
                    [
                        6.982634,
                        50.358578
                    ],
                    [
                        6.982554,
                        50.358546
                    ],
                    [
                        6.982477,
                        50.358517
                    ],
                    [
                        6.982402,
                        50.358482
                    ],
                    [
                        6.982293,
                        50.358438
                    ],
                    [
                        6.982221,
                        50.358402
                    ],
                    [
                        6.982139,
                        50.358366
                    ],
                    [
                        6.982068,
                        50.358334
                    ],
                    [
                        6.981982,
                        50.358301
                    ],
                    [
                        6.981895,
                        50.358259
                    ],
                    [
                        6.981806,
                        50.358223
                    ],
                    [
                        6.98173,
                        50.358185
                    ],
                    [
                        6.981646,
                        50.35815
                    ],
                    [
                        6.981562,
                        50.358115
                    ],
                    [
                        6.981475,
                        50.358074
                    ],
                    [
                        6.981387,
                        50.358029
                    ],
                    [
                        6.981321,
                        50.357988
                    ],
                    [
                        6.98127,
                        50.357948
                    ],
                    [
                        6.981228,
                        50.357902
                    ],
                    [
                        6.981184,
                        50.357849
                    ],
                    [
                        6.98116,
                        50.357807
                    ],
                    [
                        6.981151,
                        50.357763
                    ],
                    [
                        6.981143,
                        50.357718
                    ],
                    [
                        6.981147,
                        50.357678
                    ],
                    [
                        6.981165,
                        50.35763
                    ],
                    [
                        6.981192,
                        50.357587
                    ],
                    [
                        6.981219,
                        50.357547
                    ],
                    [
                        6.981264,
                        50.357496
                    ],
                    [
                        6.981307,
                        50.357459
                    ],
                    [
                        6.981356,
                        50.357422
                    ],
                    [
                        6.981414,
                        50.357379
                    ],
                    [
                        6.981475,
                        50.357332
                    ],
                    [
                        6.981538,
                        50.357291
                    ],
                    [
                        6.981599,
                        50.357246
                    ],
                    [
                        6.981663,
                        50.357202
                    ],
                    [
                        6.981721,
                        50.357164
                    ],
                    [
                        6.981783,
                        50.357122
                    ],
                    [
                        6.981862,
                        50.357074
                    ],
                    [
                        6.981954,
                        50.357021
                    ],
                    [
                        6.982035,
                        50.356978
                    ],
                    [
                        6.982114,
                        50.356942
                    ],
                    [
                        6.982184,
                        50.356911
                    ],
                    [
                        6.982256,
                        50.356882
                    ],
                    [
                        6.982362,
                        50.356845
                    ],
                    [
                        6.982453,
                        50.356817
                    ],
                    [
                        6.982547,
                        50.356787
                    ],
                    [
                        6.982671,
                        50.356754
                    ],
                    [
                        6.982785,
                        50.35672
                    ],
                    [
                        6.982911,
                        50.356689
                    ],
                    [
                        6.983029,
                        50.356658
                    ],
                    [
                        6.983154,
                        50.356626
                    ],
                    [
                        6.983277,
                        50.356599
                    ],
                    [
                        6.983393,
                        50.356572
                    ],
                    [
                        6.98353,
                        50.356541
                    ],
                    [
                        6.983662,
                        50.35651
                    ],
                    [
                        6.983791,
                        50.356481
                    ],
                    [
                        6.983903,
                        50.356455
                    ],
                    [
                        6.984011,
                        50.35643
                    ],
                    [
                        6.984124,
                        50.356406
                    ],
                    [
                        6.984243,
                        50.356381
                    ],
                    [
                        6.984352,
                        50.356363
                    ],
                    [
                        6.984456,
                        50.356341
                    ],
                    [
                        6.984529,
                        50.356328
                    ],
                    [
                        6.9846,
                        50.356313
                    ],
                    [
                        6.984666,
                        50.3563
                    ],
                    [
                        6.984758,
                        50.356281
                    ],
                    [
                        6.984834,
                        50.356267
                    ],
                    [
                        6.984901,
                        50.356254
                    ],
                    [
                        6.984966,
                        50.356239
                    ],
                    [
                        6.985025,
                        50.356228
                    ],
                    [
                        6.985079,
                        50.356216
                    ],
                    [
                        6.985145,
                        50.3562
                    ],
                    [
                        6.985213,
                        50.35618
                    ],
                    [
                        6.985263,
                        50.356163
                    ],
                    [
                        6.985313,
                        50.356145
                    ],
                    [
                        6.985358,
                        50.356116
                    ],
                    [
                        6.985401,
                        50.35609
                    ],
                    [
                        6.985445,
                        50.356061
                    ],
                    [
                        6.985474,
                        50.356035
                    ],
                    [
                        6.985503,
                        50.356007
                    ],
                    [
                        6.985533,
                        50.35598
                    ],
                    [
                        6.985564,
                        50.35595
                    ],
                    [
                        6.985598,
                        50.355918
                    ],
                    [
                        6.985635,
                        50.355883
                    ],
                    [
                        6.985678,
                        50.355848
                    ],
                    [
                        6.98572,
                        50.355804
                    ],
                    [
                        6.985759,
                        50.355764
                    ],
                    [
                        6.985806,
                        50.355724
                    ],
                    [
                        6.985841,
                        50.355689
                    ],
                    [
                        6.985882,
                        50.355646
                    ],
                    [
                        6.985924,
                        50.355602
                    ],
                    [
                        6.985956,
                        50.355557
                    ],
                    [
                        6.985987,
                        50.35551
                    ],
                    [
                        6.986014,
                        50.355464
                    ],
                    [
                        6.986037,
                        50.35542
                    ],
                    [
                        6.98606,
                        50.355374
                    ],
                    [
                        6.986082,
                        50.355326
                    ],
                    [
                        6.986104,
                        50.355279
                    ],
                    [
                        6.986125,
                        50.355233
                    ],
                    [
                        6.986143,
                        50.355185
                    ],
                    [
                        6.986165,
                        50.355131
                    ],
                    [
                        6.986191,
                        50.35508
                    ],
                    [
                        6.986221,
                        50.355027
                    ],
                    [
                        6.986245,
                        50.354973
                    ],
                    [
                        6.986273,
                        50.354902
                    ],
                    [
                        6.986288,
                        50.354847
                    ],
                    [
                        6.986311,
                        50.354775
                    ],
                    [
                        6.986322,
                        50.354704
                    ],
                    [
                        6.986331,
                        50.354632
                    ],
                    [
                        6.986333,
                        50.354554
                    ],
                    [
                        6.986328,
                        50.354463
                    ],
                    [
                        6.986309,
                        50.354372
                    ],
                    [
                        6.986287,
                        50.354284
                    ],
                    [
                        6.986257,
                        50.35421
                    ],
                    [
                        6.9862,
                        50.354098
                    ],
                    [
                        6.986132,
                        50.353995
                    ],
                    [
                        6.986049,
                        50.353897
                    ],
                    [
                        6.985956,
                        50.353812
                    ],
                    [
                        6.985848,
                        50.353718
                    ],
                    [
                        6.985723,
                        50.353635
                    ],
                    [
                        6.985603,
                        50.353561
                    ],
                    [
                        6.98547,
                        50.353496
                    ],
                    [
                        6.985339,
                        50.353437
                    ],
                    [
                        6.985195,
                        50.353384
                    ],
                    [
                        6.985066,
                        50.353338
                    ],
                    [
                        6.984923,
                        50.35329
                    ],
                    [
                        6.984786,
                        50.353241
                    ],
                    [
                        6.984659,
                        50.353197
                    ],
                    [
                        6.984542,
                        50.353158
                    ],
                    [
                        6.984431,
                        50.353113
                    ],
                    [
                        6.984319,
                        50.353076
                    ],
                    [
                        6.984223,
                        50.353044
                    ],
                    [
                        6.984112,
                        50.353003
                    ],
                    [
                        6.984002,
                        50.352968
                    ],
                    [
                        6.983881,
                        50.352926
                    ],
                    [
                        6.983768,
                        50.352884
                    ],
                    [
                        6.983648,
                        50.352843
                    ],
                    [
                        6.98354,
                        50.352808
                    ],
                    [
                        6.983425,
                        50.352766
                    ],
                    [
                        6.983318,
                        50.352731
                    ],
                    [
                        6.983222,
                        50.352694
                    ],
                    [
                        6.983085,
                        50.352645
                    ],
                    [
                        6.982957,
                        50.352596
                    ],
                    [
                        6.982857,
                        50.352555
                    ],
                    [
                        6.982727,
                        50.352507
                    ],
                    [
                        6.982627,
                        50.352471
                    ],
                    [
                        6.982482,
                        50.352411
                    ],
                    [
                        6.982366,
                        50.352363
                    ],
                    [
                        6.982254,
                        50.352323
                    ],
                    [
                        6.982134,
                        50.352277
                    ],
                    [
                        6.982011,
                        50.352229
                    ],
                    [
                        6.98191,
                        50.35219
                    ],
                    [
                        6.981792,
                        50.352145
                    ],
                    [
                        6.981678,
                        50.3521
                    ],
                    [
                        6.981553,
                        50.352053
                    ],
                    [
                        6.981432,
                        50.352005
                    ],
                    [
                        6.981301,
                        50.351954
                    ],
                    [
                        6.981191,
                        50.351913
                    ],
                    [
                        6.981065,
                        50.351865
                    ],
                    [
                        6.980952,
                        50.351822
                    ],
                    [
                        6.980829,
                        50.351772
                    ],
                    [
                        6.980712,
                        50.351727
                    ],
                    [
                        6.980584,
                        50.351678
                    ],
                    [
                        6.980473,
                        50.351637
                    ],
                    [
                        6.980345,
                        50.351584
                    ],
                    [
                        6.980216,
                        50.351536
                    ],
                    [
                        6.98009,
                        50.351489
                    ],
                    [
                        6.979961,
                        50.35144
                    ],
                    [
                        6.979826,
                        50.351387
                    ],
                    [
                        6.979691,
                        50.351336
                    ],
                    [
                        6.979559,
                        50.351283
                    ],
                    [
                        6.97942,
                        50.351232
                    ],
                    [
                        6.979279,
                        50.351176
                    ],
                    [
                        6.97915,
                        50.351127
                    ],
                    [
                        6.979015,
                        50.351075
                    ],
                    [
                        6.978869,
                        50.351019
                    ],
                    [
                        6.978765,
                        50.350978
                    ],
                    [
                        6.978636,
                        50.350929
                    ],
                    [
                        6.978488,
                        50.350871
                    ],
                    [
                        6.97834,
                        50.350814
                    ],
                    [
                        6.9782,
                        50.35076
                    ],
                    [
                        6.978091,
                        50.350721
                    ],
                    [
                        6.977957,
                        50.350669
                    ],
                    [
                        6.977853,
                        50.350629
                    ],
                    [
                        6.977741,
                        50.350585
                    ],
                    [
                        6.977612,
                        50.350536
                    ],
                    [
                        6.977481,
                        50.350484
                    ],
                    [
                        6.977338,
                        50.35043
                    ],
                    [
                        6.97721,
                        50.35038
                    ],
                    [
                        6.97712,
                        50.350346
                    ],
                    [
                        6.977011,
                        50.350304
                    ],
                    [
                        6.976895,
                        50.35026
                    ],
                    [
                        6.976775,
                        50.350214
                    ],
                    [
                        6.976651,
                        50.350166
                    ],
                    [
                        6.976548,
                        50.350125
                    ],
                    [
                        6.976441,
                        50.350085
                    ],
                    [
                        6.976339,
                        50.350045
                    ],
                    [
                        6.976237,
                        50.350006
                    ],
                    [
                        6.976121,
                        50.349961
                    ],
                    [
                        6.975997,
                        50.349914
                    ],
                    [
                        6.975885,
                        50.349872
                    ],
                    [
                        6.975777,
                        50.349829
                    ],
                    [
                        6.975678,
                        50.349791
                    ],
                    [
                        6.975578,
                        50.349754
                    ],
                    [
                        6.97547,
                        50.349711
                    ],
                    [
                        6.975351,
                        50.349668
                    ],
                    [
                        6.975254,
                        50.349626
                    ],
                    [
                        6.97513,
                        50.349581
                    ],
                    [
                        6.975025,
                        50.349541
                    ],
                    [
                        6.974926,
                        50.349502
                    ],
                    [
                        6.974824,
                        50.349465
                    ],
                    [
                        6.974727,
                        50.349427
                    ],
                    [
                        6.974627,
                        50.34939
                    ],
                    [
                        6.974532,
                        50.34935
                    ],
                    [
                        6.974431,
                        50.349313
                    ],
                    [
                        6.974314,
                        50.349265
                    ],
                    [
                        6.974216,
                        50.34923
                    ],
                    [
                        6.974093,
                        50.349181
                    ],
                    [
                        6.973979,
                        50.349136
                    ],
                    [
                        6.973892,
                        50.349106
                    ],
                    [
                        6.973771,
                        50.349057
                    ],
                    [
                        6.973659,
                        50.349014
                    ],
                    [
                        6.973558,
                        50.348977
                    ],
                    [
                        6.973465,
                        50.348939
                    ],
                    [
                        6.973358,
                        50.348895
                    ],
                    [
                        6.973261,
                        50.348858
                    ],
                    [
                        6.973169,
                        50.348823
                    ],
                    [
                        6.973072,
                        50.348784
                    ],
                    [
                        6.972957,
                        50.348736
                    ],
                    [
                        6.972873,
                        50.348702
                    ],
                    [
                        6.97277,
                        50.348663
                    ],
                    [
                        6.972637,
                        50.348617
                    ],
                    [
                        6.972542,
                        50.348575
                    ],
                    [
                        6.972437,
                        50.348537
                    ],
                    [
                        6.972334,
                        50.348496
                    ],
                    [
                        6.972239,
                        50.34846
                    ],
                    [
                        6.97212,
                        50.348409
                    ],
                    [
                        6.972015,
                        50.348367
                    ],
                    [
                        6.971921,
                        50.348327
                    ],
                    [
                        6.971825,
                        50.348295
                    ],
                    [
                        6.971713,
                        50.348247
                    ],
                    [
                        6.97161,
                        50.34821
                    ],
                    [
                        6.97151,
                        50.348168
                    ],
                    [
                        6.971386,
                        50.34812
                    ],
                    [
                        6.971279,
                        50.348078
                    ],
                    [
                        6.971145,
                        50.348023
                    ],
                    [
                        6.971063,
                        50.347992
                    ],
                    [
                        6.970975,
                        50.347956
                    ],
                    [
                        6.970886,
                        50.347921
                    ],
                    [
                        6.970779,
                        50.347878
                    ],
                    [
                        6.970673,
                        50.347837
                    ],
                    [
                        6.970574,
                        50.347798
                    ],
                    [
                        6.9705,
                        50.347766
                    ],
                    [
                        6.97042,
                        50.347735
                    ],
                    [
                        6.970319,
                        50.347695
                    ],
                    [
                        6.970216,
                        50.347654
                    ],
                    [
                        6.970115,
                        50.347614
                    ],
                    [
                        6.970029,
                        50.347578
                    ],
                    [
                        6.969938,
                        50.347543
                    ],
                    [
                        6.969834,
                        50.347496
                    ],
                    [
                        6.969763,
                        50.347467
                    ],
                    [
                        6.969675,
                        50.347434
                    ],
                    [
                        6.969602,
                        50.347405
                    ],
                    [
                        6.969537,
                        50.347379
                    ],
                    [
                        6.969462,
                        50.34735
                    ],
                    [
                        6.969409,
                        50.347328
                    ],
                    [
                        6.969357,
                        50.347307
                    ],
                    [
                        6.969288,
                        50.347279
                    ],
                    [
                        6.96922,
                        50.347253
                    ],
                    [
                        6.969147,
                        50.347224
                    ],
                    [
                        6.969088,
                        50.347198
                    ],
                    [
                        6.969017,
                        50.34717
                    ],
                    [
                        6.968945,
                        50.347143
                    ],
                    [
                        6.968891,
                        50.34712
                    ],
                    [
                        6.968832,
                        50.347095
                    ],
                    [
                        6.968778,
                        50.347073
                    ],
                    [
                        6.968732,
                        50.347055
                    ],
                    [
                        6.968676,
                        50.347033
                    ],
                    [
                        6.968625,
                        50.347013
                    ],
                    [
                        6.968569,
                        50.346989
                    ],
                    [
                        6.96851,
                        50.346964
                    ],
                    [
                        6.968467,
                        50.346946
                    ],
                    [
                        6.968418,
                        50.346927
                    ],
                    [
                        6.968368,
                        50.346907
                    ],
                    [
                        6.968311,
                        50.346884
                    ],
                    [
                        6.968259,
                        50.346865
                    ],
                    [
                        6.968213,
                        50.346847
                    ],
                    [
                        6.968164,
                        50.346828
                    ],
                    [
                        6.968121,
                        50.346809
                    ],
                    [
                        6.968075,
                        50.346792
                    ],
                    [
                        6.968018,
                        50.34677
                    ],
                    [
                        6.967965,
                        50.346745
                    ],
                    [
                        6.967898,
                        50.346729
                    ],
                    [
                        6.967836,
                        50.346718
                    ],
                    [
                        6.967773,
                        50.346706
                    ],
                    [
                        6.967702,
                        50.34669
                    ],
                    [
                        6.967644,
                        50.346676
                    ],
                    [
                        6.967582,
                        50.346666
                    ],
                    [
                        6.967528,
                        50.346655
                    ],
                    [
                        6.967475,
                        50.346643
                    ],
                    [
                        6.967425,
                        50.346632
                    ],
                    [
                        6.967375,
                        50.346621
                    ],
                    [
                        6.967324,
                        50.346606
                    ],
                    [
                        6.967278,
                        50.346588
                    ],
                    [
                        6.967227,
                        50.346568
                    ],
                    [
                        6.967183,
                        50.34655
                    ],
                    [
                        6.967127,
                        50.346528
                    ],
                    [
                        6.967077,
                        50.346506
                    ],
                    [
                        6.967034,
                        50.34649
                    ],
                    [
                        6.966994,
                        50.346474
                    ],
                    [
                        6.966954,
                        50.346459
                    ],
                    [
                        6.966907,
                        50.34644
                    ],
                    [
                        6.966853,
                        50.346417
                    ],
                    [
                        6.966803,
                        50.346398
                    ],
                    [
                        6.966745,
                        50.346375
                    ],
                    [
                        6.966688,
                        50.346353
                    ],
                    [
                        6.966644,
                        50.346335
                    ],
                    [
                        6.96659,
                        50.346313
                    ],
                    [
                        6.966556,
                        50.346299
                    ],
                    [
                        6.96651,
                        50.346281
                    ],
                    [
                        6.966471,
                        50.346264
                    ],
                    [
                        6.966424,
                        50.346246
                    ],
                    [
                        6.966372,
                        50.346225
                    ],
                    [
                        6.96633,
                        50.346208
                    ],
                    [
                        6.966293,
                        50.346196
                    ],
                    [
                        6.966251,
                        50.346179
                    ],
                    [
                        6.966198,
                        50.346158
                    ],
                    [
                        6.966137,
                        50.346132
                    ],
                    [
                        6.966092,
                        50.346114
                    ],
                    [
                        6.966046,
                        50.346096
                    ],
                    [
                        6.965999,
                        50.346076
                    ],
                    [
                        6.965945,
                        50.346054
                    ],
                    [
                        6.965898,
                        50.346035
                    ],
                    [
                        6.965885,
                        50.34603
                    ],
                    [
                        6.965872,
                        50.346024
                    ],
                    [
                        6.965845,
                        50.346014
                    ],
                    [
                        6.965831,
                        50.346008
                    ],
                    [
                        6.965818,
                        50.346002
                    ],
                    [
                        6.96579,
                        50.345991
                    ],
                    [
                        6.965744,
                        50.345972
                    ]
                ]
            },
            "properties": {
                "name": "Nürburgring Nordschleife Touristenfahrten"
            }
        }
    ]
}